trial,event,seed,pos_x,pos_y,obst_x,obst_y,radius,changed_cells,astar_ms,astar_expanded,astar_cost_cells,dstar_ms,dstar_expanded,dstar_cost_cells,cost_match
0,0,42,293,930,-1,-1,0,0,27.9871,74952,1037.03,85.5399,141742,1037.03,1
0,1,42,279,922,279,882,6,113,21.7464,74590,1016.2,0.79706,61,1016.2,1
0,2,42,279,902,272,861,6,113,24.5134,73394,996.2,0.284058,175,996.2,1
0,3,42,272,882,265,848,6,113,25.557,71988,973.3,0.435138,137,973.3,1
0,4,42,266,862,250,828,6,85,29.8861,69327,950.814,0.213987,166,950.814,1
0,5,42,255,842,243,826,6,81,20.3238,67372,931.671,1.07142,345,931.671,1
0,6,42,237,827,238,799,6,113,30.0954,65386,910.429,0.784837,531,910.429,1
0,7,42,236,807,237,791,6,89,16.692,62877,890.843,0.53809,294,890.843,1
0,8,42,232,787,238,773,6,113,20.1183,60424,868.357,0.203528,160,868.357,1
1,0,42,679,389,-1,-1,0,0,5.79391,23617,373.843,5.16705,9882,373.843,1
1,1,42,659,369,620,331,6,113,5.25192,19711,345.557,0.18818,60,345.557,1
1,2,42,639,349,603,331,6,113,2.61268,14909,317.271,0.136223,123,317.271,1
1,3,42,619,338,609,338,6,99,3.82794,11371,298.271,1.02778,1696,298.271,1
1,4,42,600,324,588,324,6,113,1.1851,7510,273.714,0.139049,190,273.714,1
1,5,42,580,331,531,329,6,62,0.620482,4587,257.543,0.968329,1039,257.543,1
1,6,42,560,331,521,333,6,98,0.428737,3198,240.857,0.493697,818,240.857,1
1,7,42,540,336,497,318,6,113,0.357154,2467,222.886,0.749071,1068,222.886,1
1,8,42,520,339,482,294,6,95,0.160639,1097,199.743,0.417124,716,199.743,1
2,0,42,228,612,-1,-1,0,0,0.503345,559,607.3,25.337,50611,607.3,1
2,1,42,208,592,187,571,6,113,0.442712,547,579.014,0.232723,62,579.014,1
2,2,42,194,572,148,523,6,113,0.658202,527,553.214,0.794477,96,553.214,1
2,3,42,177,552,155,527,6,89,0.202697,517,526.171,0.20991,74,526.171,1
2,4,42,162,532,150,513,6,106,0.10796,491,499.957,0.174134,122,499.957,1
2,5,42,156,512,130,484,6,113,0.061845,467,477.471,0.175707,85,477.471,1
2,6,42,138,492,134,479,6,73,0.290087,487,452.5,2.61808,1508,452.5,1
2,7,42,136,472,109,430,6,113,0.082123,517,429.186,0.309461,158,429.186,1
2,8,42,116,452,109,417,6,113,0.090177,522,400.9,0.161259,95,400.9,1
3,0,42,156,446,-1,-1,0,0,0.37141,710,804.329,30.3862,55888,804.329,1
3,1,42,176,466,210,500,6,113,0.296991,691,776.043,0.199861,62,776.043,1
3,2,42,196,486,216,515,6,90,0.172189,679,747.757,0.233052,128,747.757,1
3,3,42,207,506,210,517,6,72,0.111297,695,726.514,2.7634,3888,726.514,1
3,4,42,210,526,255,571,6,113,0.21002,631,701.957,0.190033,62,701.957,1
3,5,42,230,546,255,580,6,97,0.11873,621,673.671,0.262778,108,673.671,1
3,6,42,248,566,269,603,6,113,0.110074,605,646.214,0.194411,154,646.214,1
3,7,42,252,586,262,602,6,79,0.106918,598,624.557,0.152614,101,624.557,1
3,8,42,257,606,285,634,6,113,0.126815,551,602.486,0.153706,62,602.486,1
4,0,42,76,269,-1,-1,0,0,1.02695,530,640.443,27.0946,46498,640.443,1
4,1,42,96,289,111,304,6,113,0.275362,518,612.157,0.135141,62,612.157,1
4,2,42,107,309,142,344,6,113,0.105346,498,587.6,0.132657,62,587.6,1
4,3,42,127,329,148,359,6,113,0.069419,486,559.314,0.168634,145,559.314,1
4,4,42,138,349,173,393,6,113,0.103402,466,534.757,0.198219,154,534.757,1
4,5,42,149,369,160,380,6,113,0.071723,438,510.2,0.175226,62,510.2,1
4,6,42,160,389,177,406,6,113,0.179093,418,485.643,0.174283,62,485.643,1
4,7,42,171,409,218,456,6,113,0.199761,398,461.086,0.203679,62,461.086,1
4,8,42,191,429,211,455,6,79,0.239205,405,432.8,0.157523,101,432.8,1
5,0,42,202,212,-1,-1,0,0,4.78894,16581,580.943,24.9878,42482,580.943,1
5,1,42,219,232,224,249,6,54,6.01874,13681,563.843,5.33492,6471,563.843,1
5,2,42,208,252,207,263,6,88,3.15063,14246,545.086,1.21937,1054,545.086,1
5,3,42,207,272,224,321,6,36,2.22954,12083,521.357,0.461447,428,521.357,1
5,4,42,207,292,209,336,6,111,2.60877,11301,503.014,0.658213,635,503.014,1
5,5,42,204,312,210,353,6,113,2.28817,9890,481.771,0.469742,188,481.771,1
5,6,42,204,332,208,360,6,81,1.86592,8747,462.6,0.324583,276,462.6,1
5,7,42,202,352,224,400,6,63,1.11882,7568,441.771,0.238383,243,441.771,1
5,8,42,210,372,217,398,6,81,0.85626,5520,417.629,0.155589,162,417.629,1
6,0,42,701,1082,-1,-1,0,0,6.81022,33055,474.843,29.0888,51469,474.843,1
6,1,42,681,1062,676,1015,6,24,3.92788,27715,1115.87,150.653,252644,1115.87,1
6,2,42,661,1064,638,1064,6,74,4.51319,27641,1100.84,1.45906,2006,1100.84,1
6,3,42,641,1070,628,1064,6,66,4.97722,27575,1078.36,0.181788,106,1078.36,1
6,4,42,621,1066,588,1064,6,71,4.5911,27504,1060.01,0.509176,489,1060.01,1
6,5,42,601,1066,583,1068,6,73,4.54685,27431,1043.33,0.497183,785,1043.33,1
6,6,42,581,1074,550,1064,6,73,3.99221,27358,1019.77,0.319764,457,1019.77,1
6,7,42,561,1071,550,1071,6,79,4.58382,27279,1009.26,1.31913,1227,1009.26,1
6,8,42,543,1071,520,1086,6,13,2.0675,16181,-1,140.839,267144,-1,1
7,0,42,212,630,-1,-1,0,0,9.96742,41169,582.986,24.1347,40735,582.986,1
7,1,42,232,650,253,671,6,113,11.5175,34154,554.7,0.206213,62,554.7,1
7,2,42,252,664,286,695,6,113,7.34232,26437,528.9,0.115133,80,528.9,1
7,3,42,272,681,304,696,6,107,4.04124,17723,501.857,0.25825,129,501.857,1
7,4,42,292,689,313,696,6,72,0.421153,2042,480.886,0.632856,248,480.886,1
7,5,42,312,689,321,701,6,67,0.124912,881,468.443,0.303363,206,468.443,1
7,6,42,327,703,321,725,6,52,0.137556,500,444.714,0.234666,217,444.714,1
7,7,42,327,723,321,765,6,60,1.43815,2253,436.314,1.48019,1340,436.314,1
7,8,42,328,743,328,759,6,95,0.634258,1812,415.9,0.095126,58,415.9,1
8,0,42,155,342,-1,-1,0,0,23.1599,116028,843.3,59.7354,113118,843.3,1
8,1,42,175,362,213,400,6,113,20.1951,105151,815.014,0.155319,62,815.014,1
8,2,42,195,382,224,421,6,63,16.3948,91199,786.729,0.126615,123,786.729,1
8,3,42,207,402,224,441,6,63,16.5548,79936,761.757,0.289347,144,761.757,1
8,4,42,217,422,224,464,6,63,12.255,69913,737.614,0.179774,165,737.614,1
8,5,42,217,442,224,483,6,63,11.2803,63023,717.614,0.279279,137,717.614,1
8,6,42,217,462,224,496,6,63,10.7334,56206,697.614,0.11831,95,697.614,1
8,7,42,217,482,217,495,6,79,9.55512,51107,684,0.972316,727,684,1
8,8,42,215,502,251,522,6,63,10.1354,46029,664.829,0.655898,818,664.829,1
9,0,42,90,1068,-1,-1,0,0,34.7502,106394,699.514,22.6851,51484,699.514,1
9,1,42,110,1048,145,1013,6,113,33.8099,100586,671.229,0.138097,62,671.229,1
9,2,42,130,1028,158,1009,6,113,27.2241,91701,642.943,0.16653,134,642.943,1
9,3,42,150,1017,173,1003,6,113,23.7607,84099,618.386,0.217534,145,618.386,1
9,4,42,170,1010,183,1002,6,105,25.1838,78390,595.486,0.141383,100,595.486,1
9,5,42,190,1004,202,992,6,113,25.4187,73263,573,0.164015,62,573,1
9,6,42,210,993,235,992,6,113,20.0707,67290,548.443,0.141012,75,548.443,1
9,7,42,230,988,252,985,6,113,17.7685,62606,526.371,0.22066,108,526.371,1
9,8,42,250,979,287,978,6,113,18.9589,57868,502.643,0.146883,75,502.643,1
10,0,42,93,1134,-1,-1,0,0,0.190624,467,525.243,17.8525,40120,525.243,1
10,1,42,113,1114,154,1073,6,113,0.105205,455,496.957,0.102761,62,496.957,1
10,2,42,133,1094,172,1064,6,113,0.118069,443,468.671,0.407427,154,468.671,1
10,3,42,153,1080,186,1059,6,113,0.082804,423,442.871,0.165878,140,442.871,1
10,4,42,173,1070,192,1062,6,77,0.083154,430,418.729,0.160718,117,418.729,1
10,5,42,193,1068,234,1029,6,113,0.05927,375,397.9,0.140601,85,397.9,1
10,6,42,213,1050,233,1036,6,79,0.047548,382,370.443,0.089957,101,370.443,1
10,7,42,233,1043,263,1015,6,113,0.073076,335,347.543,0.139509,85,347.543,1
10,8,42,253,1025,264,1021,6,69,0.076983,358,322.571,0.874133,1105,322.571,1
11,0,42,409,830,-1,-1,0,0,0.359808,596,729.643,24.0574,60550,729.643,1
11,1,42,389,810,378,799,6,113,0.176558,584,701.357,0.130222,62,701.357,1
11,2,42,378,790,332,744,6,113,0.089627,564,676.8,0.146722,62,676.8,1
11,3,42,358,770,331,734,6,105,0.089596,552,648.514,0.173221,113,648.514,1
11,4,42,339,750,327,721,6,105,0.120063,538,620.643,0.278727,196,620.643,1
11,5,42,336,730,323,708,6,83,0.097931,512,599.4,0.194922,115,599.4,1
11,6,42,330,710,301,677,6,113,0.279399,485,576.914,0.252088,107,576.914,1
11,7,42,314,690,293,660,6,113,0.225249,472,550.286,0.329171,152,550.286,1
11,8,42,303,670,274,632,6,113,0.219768,452,525.729,0.251337,154,525.729,1
12,0,42,711,162,-1,-1,0,0,9.66755,46832,839.943,36.8319,67208,839.943,1
12,1,42,691,182,665,208,6,113,8.77834,41475,811.657,0.255835,62,811.657,1
12,2,42,672,202,648,234,6,113,7.16428,36330,783.786,0.357986,154,783.786,1
12,3,42,660,222,629,262,6,113,6.34463,32356,758.814,0.390245,169,758.814,1
12,4,42,649,242,636,260,6,81,7.01702,28807,734.257,0.190163,92,734.257,1
12,5,42,642,262,624,281,6,84,4.03142,25974,711.357,0.159396,60,711.357,1
12,6,42,630,282,584,330,6,113,5.427,22977,686.386,0.113932,85,686.386,1
12,7,42,612,302,599,315,6,113,3.67788,19842,658.929,0.222704,62,658.929,1
12,8,42,601,322,567,356,6,113,3.68045,18172,638.471,1.95571,2518,638.471,1
13,0,42,728,729,-1,-1,0,0,13.782,75751,804.114,42.4503,90291,804.114,1
13,1,42,708,729,673,729,6,113,12.8187,74896,784.114,0.159697,61,784.114,1
13,2,42,688,729,674,735,6,69,13.0451,74515,767.186,0.884943,1781,767.186,1
13,3,42,669,739,624,739,6,113,14.3908,73927,746.771,1.30047,1317,746.771,1
13,4,42,649,732,621,732,6,85,13.9164,72783,729.671,0.46313,703,729.671,1
13,5,42,629,725,587,729,6,113,12.0768,71543,706.771,0.167691,86,706.771,1
13,6,42,609,725,591,734,6,73,12.8216,70901,688.429,0.69401,617,688.429,1
13,7,42,589,740,572,739,6,61,14.5662,70197,671.329,0.625041,558,671.329,1
13,8,42,569,752,543,737,6,80,13.5277,69073,651.043,0.542968,544,651.043,1
14,0,42,422,378,-1,-1,0,0,2.89178,13624,390.186,9.14674,12188,390.186,1
14,1,42,442,369,488,351,6,113,2.8682,11986,366.457,0.370619,173,366.457,1
14,2,42,462,369,486,368,6,113,2.41196,10842,348.114,0.822858,1732,348.114,1
14,3,42,482,358,505,343,6,108,2.02958,8926,323.557,0.38736,152,323.557,1
14,4,42,502,352,549,327,6,113,1.20486,7085,301.071,0.270042,297,301.071,1
14,5,42,522,337,536,336,6,71,2.68313,6462,296.357,3.60241,4369,296.357,1
14,6,42,537,357,556,342,6,113,0.634077,3385,270.143,0.1991,217,270.143,1
14,7,42,555,349,574,333,6,113,0.256546,1917,246.343,0.276503,372,246.343,1
14,8,42,575,339,611,305,6,113,0.315356,1394,226.3,0.657201,827,226.3,1
15,0,42,174,808,-1,-1,0,0,0.344049,864,530.043,15.7951,35600,530.043,1
15,1,42,174,788,177,765,6,71,0.215531,677,513.8,1.39803,3840,513.8,1
15,2,42,167,772,167,752,6,24,0.185474,741,535.914,17.743,30670,535.914,1
15,3,42,174,786,177,738,6,76,0.093243,797,513.843,0.264973,418,513.843,1
15,4,42,183,766,184,750,6,113,0.10224,595,495.914,0.443294,369,495.914,1
15,5,42,178,746,171,723,6,67,0.071683,461,472.186,0.18862,186,472.186,1
15,6,42,178,726,168,708,6,113,0.085078,423,447.214,0.155319,142,447.214,1
15,7,42,174,706,144,675,6,113,0.060623,401,425.557,0.209649,74,425.557,1
15,8,42,155,686,132,654,6,113,0.176999,389,397.686,0.209078,154,397.686,1
16,0,42,28,311,-1,-1,0,0,0.677479,830,1015.01,34.7973,87676,1015.01,1
16,1,42,48,331,78,361,6,113,0.322298,821,986.729,0.27455,62,986.729,1
16,2,42,68,351,85,377,6,113,0.471686,806,958.443,0.248701,150,958.443,1
16,3,42,78,371,82,383,6,77,0.310958,800,936.786,2.68913,3487,936.786,1
16,4,42,81,391,92,402,6,113,0.253992,758,913.057,0.115655,62,913.057,1
16,5,42,92,411,113,432,6,113,0.128329,738,888.5,0.119562,62,888.5,1
16,6,42,106,431,127,455,6,113,0.143877,718,862.7,0.166319,96,862.7,1
16,7,42,120,451,161,498,6,113,0.12379,701,836.9,0.158114,132,836.9,1
16,8,42,134,471,161,507,6,97,0.116867,688,811.1,0.113821,108,811.1,1
17,0,42,186,282,-1,-1,0,0,42.8826,131639,892.657,46.6778,101240,892.657,1
17,1,42,204,302,209,327,6,97,40.5706,123600,866.857,1.95847,1919,866.857,1
17,2,42,204,322,210,351,6,113,38.9957,121196,846.857,0.278697,265,846.857,1
17,3,42,203,342,210,377,6,105,41.311,118601,825.614,0.537478,198,825.614,1
17,4,42,203,362,224,412,6,63,29.8792,116280,805.614,0.20972,237,805.614,1
17,5,42,206,382,220,417,6,70,31.2033,113307,784.371,0.281082,160,784.371,1
17,6,42,213,402,222,428,6,83,32.0202,109422,761.471,0.161239,100,761.471,1
17,7,42,215,422,224,453,6,63,32.2152,107086,740.643,0.21538,173,740.643,1
17,8,42,217,442,224,485,6,63,28.369,104632,719.814,0.189843,228,719.814,1
18,0,42,70,932,-1,-1,0,0,22.909,110620,1155.69,123.146,186796,1155.69,1
18,1,42,90,934,113,934,6,13,31.5415,111200,1187.4,21.2959,41372,1187.4,1
18,2,42,70,933,40,933,6,45,0.023614,152,-1,176.566,361620,-1,1
19,0,42,463,380,-1,-1,0,0,1.14132,7359,688.1,62.5363,114451,688.1,1
19,1,42,443,400,424,406,6,63,0.822127,5760,660.643,0.456929,528,660.643,1
19,2,42,423,400,399,406,6,62,0.725678,4915,640.643,0.230088,234,640.643,1
19,3,42,403,400,367,406,6,63,0.462559,3699,621.229,0.770721,416,621.229,1
19,4,42,383,399,370,399,6,85,0.933574,2692,607.2,0.447952,351,607.2,1
19,5,42,364,397,354,413,6,61,0.240406,1645,589.614,0.285501,280,589.614,1
19,6,42,348,414,371,447,6,61,0.092622,757,563.986,0.256857,342,563.986,1
19,7,42,354,434,354,472,6,19,2.08574,20377,933.629,119.507,187819,933.629,1
19,8,42,348,414,369,393,6,69,2.78499,20394,913.486,0.60846,436,913.486,1
20,0,42,267,858,-1,-1,0,0,0.51732,902,688.157,31.1536,68741,688.157,1
20,1,42,247,838,200,791,6,113,0.214358,881,659.871,0.100277,62,659.871,1
20,2,42,227,818,204,786,6,73,0.167021,898,631.586,0.264802,116,631.586,1
20,3,42,211,798,180,753,6,101,0.100937,855,604.957,0.214148,203,604.957,1
20,4,42,205,778,177,740,6,75,0.105977,807,582.471,0.111758,88,582.471,1
20,5,42,187,758,183,738,6,72,0.102721,837,557.5,1.23009,2206,557.5,1
20,6,42,190,738,173,719,6,91,0.249052,732,536.257,0.137556,83,536.257,1
20,7,42,179,718,144,681,6,113,0.090668,694,511.7,0.152313,85,511.7,1
20,8,42,161,698,151,681,6,79,0.108541,695,484.243,0.114413,113,484.243,1
21,0,42,640,1147,-1,-1,0,0,7.98901,22162,867.9,165.334,215391,867.9,1
21,1,42,660,1147,691,1147,6,48,7.12189,39276,1036.87,59.3287,74065,1036.87,1
21,2,42,640,1147,620,1147,6,60,0.131023,336,-1,168.015,300088,-1,1
22,0,42,72,1127,-1,-1,0,0,0.154888,498,554.586,19.7804,43870,554.586,1
22,1,42,92,1107,138,1061,6,113,0.115644,486,526.3,0.14496,62,526.3,1
22,2,42,112,1087,157,1051,6,113,0.10739,474,498.014,0.286712,155,498.014,1
22,3,42,132,1068,178,1039,6,113,0.101929,460,470.143,0.236299,154,470.143,1
22,4,42,152,1058,178,1046,6,79,0.097371,465,446,0.167351,152,446,1
22,5,42,172,1053,213,1020,6,113,0.064509,412,423.929,0.167762,154,423.929,1
22,6,42,192,1041,238,1004,6,113,0.046326,394,398.957,0.19373,154,398.957,1
22,7,42,212,1027,248,1003,6,105,0.044724,374,373.157,0.143616,113,373.157,1
22,8,42,232,1011,276,988,6,113,0.044242,375,346.529,0.184172,200,346.529,1
23,0,42,65,1092,-1,-1,0,0,0.456177,3152,767.843,23.2558,54392,767.843,1
23,1,42,85,1072,119,1038,6,113,0.446048,2924,739.557,0.214558,62,739.557,1
23,2,42,105,1052,138,1028,6,113,0.456097,2696,711.271,0.22075,155,711.271,1
23,3,42,125,1041,135,1035,6,85,0.596979,2582,687.543,0.662641,910,687.543,1
23,4,42,145,1034,170,1009,6,113,0.315616,2336,663.814,0.1076,62,663.814,1
23,5,42,165,1016,179,1009,6,97,0.251447,2106,636.357,0.153745,106,636.357,1
23,6,42,185,1012,233,968,6,113,0.23677,1783,614.7,0.149749,81,614.7,1
23,7,42,205,992,242,968,6,97,0.160067,1557,586.414,0.088725,67,586.414,1
23,8,42,225,975,274,968,6,113,0.192007,1584,559.371,0.160228,228,559.371,1
24,0,42,126,356,-1,-1,0,0,3.18454,16028,430.657,12.1236,24204,430.657,1
24,1,42,146,376,184,414,6,113,2.08151,12282,402.371,0.114703,62,402.371,1
24,2,42,166,396,185,424,6,105,1.70855,8800,374.086,0.214629,113,374.086,1
24,3,42,178,416,204,452,6,113,1.6511,6029,349.114,0.267307,154,349.114,1
24,4,42,188,436,224,486,6,63,0.57613,3975,324.971,0.132005,151,324.971,1
24,5,42,199,456,217,475,6,113,0.267717,2125,300.414,0.087292,60,300.414,1
24,6,42,211,476,222,493,6,62,0.10766,932,275.443,0.0754,87,275.443,1
24,7,42,216,496,238,535,6,113,0.049753,417,253.371,0.129811,77,253.371,1
24,8,42,224,516,229,526,6,105,0.059971,273,236.986,0.829591,641,236.986,1
25,0,42,186,576,-1,-1,0,0,0.172881,325,444.386,4.48041,9047,444.386,1
25,1,42,206,596,250,640,6,113,0.090067,312,416.1,0.077384,62,416.1,1
25,2,42,226,616,265,646,6,113,0.051856,300,387.814,0.127157,145,387.814,1
25,3,42,246,633,282,654,6,113,0.062406,283,360.771,0.127256,152,360.771,1
25,4,42,266,640,288,651,6,77,0.284989,444,341.386,2.35035,1688,341.386,1
25,5,42,286,644,319,673,6,113,0.1722,451,321.486,0.815294,1038,321.486,1
25,6,42,306,660,329,692,6,113,0.263119,545,298.371,1.07261,1771,298.371,1
25,7,42,317,680,330,686,6,69,0.068407,310,275.571,0.263048,199,275.571,1
25,8,42,328,700,358,730,6,113,0.057216,190,251.014,0.088104,62,251.014,1
26,0,42,207,292,-1,-1,0,0,0.210321,397,402.629,3.25983,6471,402.629,1
26,1,42,191,312,191,361,6,113,0.322629,911,381.8,2.58648,3250,381.8,1
26,2,42,191,332,191,382,6,113,0.256236,730,361.8,0.446189,477,361.8,1
26,3,42,191,352,184,378,6,89,0.158234,529,341.8,0.216381,126,341.8,1
26,4,42,198,372,191,401,6,113,0.113982,400,318.9,0.216502,137,318.9,1
26,5,42,198,392,191,438,6,113,0.063859,502,298.9,0.255454,263,298.9,1
26,6,42,198,412,191,459,6,113,0.122789,482,278.9,0.187127,151,278.9,1
26,7,42,198,432,192,467,6,89,0.049512,351,259.729,0.353667,172,259.729,1
26,8,42,198,452,191,479,6,113,0.074298,266,239.729,0.138607,113,239.729,1
27,0,42,623,408,-1,-1,0,0,2.35021,14364,587.243,37.7543,83354,587.243,1
27,1,42,603,408,570,393,6,83,1.5492,11783,567.243,0.158655,133,567.243,1
27,2,42,583,397,546,381,6,74,4.67794,23821,629.357,14.1278,25806,629.357,1
27,3,42,563,386,533,370,6,41,2.80733,22960,626.4,1.78623,4145,626.4,1
27,4,42,543,366,508,370,6,94,3.44958,19575,598.114,0.30147,488,598.114,1
27,5,42,533,354,515,359,6,110,2.80201,16350,575.629,0.274569,220,575.629,1
27,6,42,513,353,494,371,6,110,2.44638,13079,554.386,0.110796,74,554.386,1
27,7,42,493,365,454,402,6,105,1.88399,9083,529.414,0.165006,84,529.414,1
27,8,42,473,383,443,404,6,81,0.862382,6871,501.957,0.113751,102,501.957,1
28,0,42,220,668,-1,-1,0,0,16.1262,69123,737.214,20.588,49063,737.214,1
28,1,42,240,648,287,601,6,113,15.2826,62438,708.929,0.238863,62,708.929,1
28,2,42,260,628,306,591,6,113,12.324,55178,680.643,0.176498,155,680.643,1
28,3,42,280,608,305,598,6,79,9.32747,47299,652.357,0.179844,129,652.357,1
28,4,42,300,605,340,572,6,113,9.99085,43159,631.114,0.159576,143,631.114,1
28,5,42,320,592,330,582,6,113,6.81816,37432,605.729,0.156791,63,605.729,1
28,6,42,340,581,389,532,6,113,6.27805,32551,581.171,0.104414,62,581.171,1
28,7,42,360,561,408,522,6,113,5.32316,26710,554.643,1.13671,1674,554.643,1
28,8,42,380,541,403,529,6,93,4.25692,21193,527.529,0.521128,498,527.529,1
29,0,42,335,645,-1,-1,0,0,8.60879,40988,757.043,27.8525,56679,757.043,1
29,1,42,355,625,377,603,6,113,7.75368,35001,728.757,0.186527,62,728.757,1
29,2,42,370,605,388,583,6,113,6.20557,29211,702.543,0.149438,107,702.543,1
29,3,42,381,585,402,560,6,113,4.57296,23567,677.986,0.394463,107,677.986,1
29,4,42,395,565,405,548,6,113,3.24587,18196,652.186,0.252438,122,652.186,1
29,5,42,399,545,435,501,6,39,7.48695,41997,705.786,14.5125,24127,705.786,1
29,6,42,399,525,399,504,6,113,4.92565,37060,685.786,0.095507,61,685.786,1
29,7,42,393,505,392,483,6,113,5.34837,31500,663.3,0.207976,75,663.3,1
29,8,42,386,485,380,456,6,113,4.27433,26739,640.4,0.140841,104,640.4,1
30,0,42,132,435,-1,-1,0,0,81.7103,292599,1101.94,30.8942,77967,1101.94,1
30,1,42,152,455,190,493,6,113,80.7801,284039,1073.66,0.234015,62,1073.66,1
30,2,42,172,475,211,523,6,113,88.2252,275559,1045.37,0.218796,154,1045.37,1
30,3,42,184,495,207,528,6,73,86.8901,269159,1020.4,0.256737,120,1020.4,1
30,4,42,200,515,200,527,6,79,71.5637,263889,999.571,2.3812,4196,999.571,1
30,5,42,199,535,212,548,6,113,82.5561,258922,974.186,0.30146,62,974.186,1
30,6,42,210,555,228,573,6,113,80.1349,252035,949.629,0.126956,62,949.629,1
30,7,42,222,575,256,610,6,113,87.7144,243413,924.657,0.423256,74,924.657,1
30,8,42,241,595,269,632,6,113,66.7337,233042,896.786,0.296491,154,896.786,1
31,0,42,109,296,-1,-1,0,0,21.7813,108199,865.071,44.7538,103741,865.071,1
31,1,42,129,316,169,356,6,113,20.1306,100221,836.786,0.213807,62,836.786,1
31,2,42,149,336,184,380,6,113,18.3886,90401,808.5,0.21514,154,808.5,1
31,3,42,162,356,189,394,6,113,18.6995,80944,783.114,0.394914,140,783.114,1
31,4,42,177,376,182,391,6,83,14.181,71958,758.557,0.877039,1022,758.557,1
31,5,42,178,396,216,434,6,113,14.2084,65782,736.486,0.321618,62,736.486,1
31,6,42,198,416,224,455,6,63,12.0658,56848,708.2,0.165638,140,708.2,1
31,7,42,210,436,220,460,6,70,12.2059,50100,683.229,0.174294,132,683.229,1
31,8,42,213,456,224,488,6,63,10.1551,45453,661.986,0.26898,190,661.986,1
32,0,42,393,733,-1,-1,0,0,13.2211,54571,665.2,17.595,40305,665.2,1
32,1,42,413,713,433,677,6,113,11.376,46778,636.914,0.224607,165,636.914,1
32,2,42,426,693,426,681,6,89,11.2971,42187,617.329,1.50164,2945,617.329,1
32,3,42,440,673,440,635,6,113,8.10287,35658,591.529,0.195774,61,591.529,1
32,4,42,440,653,433,627,6,107,8.28215,33362,577.329,1.69943,2663,577.329,1
32,5,42,447,633,447,591,6,113,7.45518,28363,554.429,0.195863,61,554.429,1
32,6,42,447,613,447,601,6,104,3.9559,24635,534.429,0.087693,53,534.429,1
32,7,42,440,593,440,547,6,113,3.90437,20055,511.529,0.3227,61,511.529,1
32,8,42,440,573,433,527,6,113,3.59659,17490,497.329,1.42654,1354,497.329,1
33,0,42,264,32,-1,-1,0,0,0.792172,4194,819,103.021,150255,819,1
33,1,42,250,21,242,26,6,14,3.83307,17798,1112.66,85.8771,155997,1112.66,1
33,2,42,270,21,297,21,6,74,0.161119,659,-1,140.084,283084,-1,1
34,0,42,453,784,-1,-1,0,0,0.234565,426,591.129,4.59197,10050,591.129,1
34,1,42,433,764,404,735,6,113,0.148215,414,562.843,0.108502,62,562.843,1
34,2,42,413,744,397,737,6,81,0.105306,422,534.557,0.122187,110,534.557,1
34,3,42,393,742,361,710,6,113,0.128379,639,515.486,1.71601,1619,515.486,1
34,4,42,373,722,323,681,6,113,0.247259,906,490.714,2.23755,2639,490.714,1
34,5,42,353,711,332,690,6,113,0.082864,553,466.157,0.121776,61,466.157,1
34,6,42,339,691,298,647,6,113,0.16675,597,442.114,0.592691,727,442.114,1
34,7,42,322,671,288,646,6,105,0.23167,780,418.586,0.852543,749,418.586,1
34,8,42,305,651,266,606,6,113,0.34476,323,391.543,0.250034,75,391.543,1
35,0,42,644,354,-1,-1,0,0,3.02901,20690,543.629,20.5364,46527,543.629,1
35,1,42,624,374,609,380,6,113,2.94402,15639,516.171,0.497344,466,516.171,1
35,2,42,604,376,581,380,6,113,2.13985,13348,497,0.480402,552,497,1
35,3,42,584,374,553,381,6,74,1.53864,11231,476.171,0.269581,238,476.171,1
35,4,42,564,374,542,404,6,35,3.01834,17220,504.414,7.49087,14845,504.414,1
35,5,42,544,374,503,374,6,95,2.62886,14890,486.071,0.698787,830,486.071,1
35,6,42,524,369,503,367,6,74,2.42107,12713,470.629,0.510588,844,470.629,1
35,7,42,504,360,486,375,6,113,1.84629,10569,446.071,0.164635,96,446.071,1
35,8,42,484,369,435,406,6,56,1.18071,8686,422.343,0.116907,136,422.343,1
36,0,42,488,534,-1,-1,0,0,47.3277,148789,763.814,29.4483,67996,763.814,1
36,1,42,468,554,456,566,6,113,38.3187,144846,735.529,0.187388,62,735.529,1
36,2,42,457,574,440,591,6,113,49.5792,136860,710.971,0.106568,62,710.971,1
36,3,42,446,594,415,625,6,113,37.5221,126643,686.414,0.162832,62,686.414,1
36,4,42,426,614,409,640,6,113,35.7913,117215,658.129,0.197707,145,658.129,1
36,5,42,416,634,392,666,6,113,27.9279,106434,633.986,0.212124,154,633.986,1
36,6,42,404,654,375,692,6,113,25.5856,96582,609.014,0.173993,154,609.014,1
36,7,42,393,674,366,710,6,113,23.6239,86122,584.457,0.227272,154,584.457,1
36,8,42,381,694,373,709,6,79,20.3182,74708,559.486,0.130202,108,559.486,1
37,0,42,404,834,-1,-1,0,0,0.158395,329,407.543,11.9976,24571,407.543,1
37,1,42,384,814,357,787,6,113,0.121777,317,379.257,0.121646,62,379.257,1
37,2,42,364,794,333,754,6,113,0.189987,305,350.971,0.349355,154,350.971,1
37,3,42,353,774,340,761,6,103,0.047708,277,326.414,0.168473,53,326.414,1
37,4,42,342,754,324,734,6,89,0.33365,263,301.857,0.527349,86,301.857,1
37,5,42,331,734,324,723,6,84,0.191917,245,277.3,0.546835,103,277.3,1
37,6,42,324,714,319,697,6,86,0.291512,254,256.057,1.1843,603,256.057,1
37,7,42,325,694,276,645,6,113,0.130202,197,234.814,0.233864,62,234.814,1
37,8,42,305,674,292,661,6,113,0.057557,177,206.529,0.130963,62,206.529,1
38,0,42,545,804,-1,-1,0,0,0.194271,411,519.371,12.1006,26470,519.371,1
38,1,42,525,823,509,829,6,85,0.133979,408,492.329,0.826429,596,492.329,1
38,2,42,505,824,477,852,6,113,0.135101,379,471.086,0.139139,62,471.086,1
38,3,42,485,844,465,855,6,113,0.219558,367,442.8,0.243282,127,442.8,1
38,4,42,465,848,446,865,6,113,0.083726,339,421.143,0.143246,85,421.143,1
38,5,42,445,859,413,889,6,113,0.067726,319,396.586,0.283136,85,396.586,1
38,6,42,425,877,412,883,6,69,4.59441,4445,371.129,0.862361,727,371.129,1
38,7,42,405,881,366,920,6,113,1.54705,4506,352.743,1.52448,2045,352.743,1
38,8,42,385,901,373,918,6,81,0.504777,2812,325.629,0.645179,719,325.629,1
39,0,42,219,745,-1,-1,0,0,4.16659,4530,411.057,20.2409,31707,411.057,1
39,1,42,239,725,267,703,6,70,0.649156,2070,382.771,0.420435,323,382.771,1
39,2,42,255,706,282,696,6,113,0.221833,995,362.357,2.19759,1529,362.357,1
39,3,42,275,694,310,698,6,74,0.072334,500,337.386,0.354137,380,337.386,1
39,4,42,295,691,334,712,6,113,0.084527,344,314.486,0.219488,154,314.486,1
39,5,42,315,694,342,711,6,89,0.05435,291,293.243,0.120604,110,293.243,1
39,6,42,335,704,346,706,6,73,0.060292,283,273.243,0.276674,143,273.243,1
39,7,42,355,706,375,726,6,113,0.041026,232,248.271,0.227528,62,248.271,1
39,8,42,375,719,408,750,6,113,0.044963,212,222.886,0.147053,85,222.886,1
40,0,42,31,363,-1,-1,0,0,114.849,362330,1326.76,29.7407,63901,1326.76,1
40,1,42,51,383,89,421,6,113,112.039,358407,1298.47,0.235989,62,1298.47,1
40,2,42,71,403,88,414,6,79,185.644,354256,1270.19,0.138127,101,1270.19,1
40,3,42,91,408,120,437,6,113,133.889,349819,1248.11,0.245797,62,1248.11,1
40,4,42,111,428,121,431,6,69,99.1496,345355,1223.14,3.84185,8674,1223.14,1
40,5,42,131,432,145,446,6,113,97.0498,339057,1201.69,0.578855,747,1201.69,1
40,6,42,151,443,192,484,6,113,97.9288,332272,1178.89,1.10122,2001,1178.89,1
40,7,42,171,463,192,493,6,97,91.613,325579,1153.53,3.21973,2612,1153.53,1
40,8,42,191,477,224,517,6,58,102.338,317945,1130.66,2.84275,2836,1130.66,1
41,0,42,340,758,-1,-1,0,0,0.160708,351,408.829,12.7309,29886,408.829,1
41,1,42,360,778,396,814,6,113,0.194732,339,380.543,0.113641,62,380.543,1
41,2,42,380,798,417,844,6,113,0.058258,327,352.257,0.158294,154,352.257,1
41,3,42,391,818,402,829,6,113,0.032981,299,327.7,0.102962,62,327.7,1
41,4,42,402,838,422,858,6,113,0.067034,279,303.143,0.330414,62,303.143,1
41,5,42,415,858,438,883,6,113,0.046045,259,277.757,0.140271,85,277.757,1
41,6,42,431,878,434,888,6,73,0.100827,260,254.443,0.923165,1106,254.443,1
41,7,42,435,898,470,933,6,113,0.045295,219,229.471,0.23759,62,229.471,1
41,8,42,455,918,482,966,6,113,0.12944,276,201.186,0.249693,200,201.186,1
42,0,42,127,719,-1,-1,0,0,19.6255,98520,794.7,38.1321,88463,794.7,1
42,1,42,147,719,183,715,6,113,17.3971,96821,774.7,0.18884,118,774.7,1
42,2,42,167,717,215,708,6,113,18.7352,95056,753.871,0.139379,154,753.871,1
42,3,42,187,708,198,708,6,113,20.3408,93403,730.143,0.195473,61,730.143,1
42,4,42,207,701,252,701,6,113,19.1216,91758,708.9,0.94768,847,708.9,1
42,5,42,227,701,261,696,6,105,19.3424,89689,693.043,0.926651,1105,693.043,1
42,6,42,247,708,283,702,6,65,18.5175,84925,670.971,0.351382,445,670.971,1
42,7,42,267,703,315,698,6,63,20.9342,82132,655.386,1.24413,1127,655.386,1
42,8,42,287,695,321,703,6,62,19.6204,79337,637.629,1.11512,564,637.629,1
43,0,42,738,731,-1,-1,0,0,12.6778,38799,539.5,15.7637,32340,539.5,1
43,1,42,718,751,669,800,6,113,8.01764,34667,511.214,0.217995,62,511.214,1
43,2,42,698,771,662,798,6,81,7.9289,29852,482.929,0.112789,110,482.929,1
43,3,42,678,791,631,806,6,113,4.66061,24899,454.643,0.245977,245,454.643,1
43,4,42,658,793,640,799,6,111,5.68837,23815,434.643,0.44129,684,434.643,1
43,5,42,638,793,620,806,6,111,6.38964,22374,413.814,0.24241,81,413.814,1
43,6,42,618,800,597,806,6,113,6.4497,20958,391.743,0.252689,207,391.743,1
43,7,42,598,800,586,806,6,111,5.32612,19831,371.743,0.137806,114,371.743,1
43,8,42,578,805,560,806,6,110,5.25561,19427,353.814,1.19638,2030,353.814,1
44,0,42,79,440,-1,-1,0,0,0.525066,2045,342.4,5.82152,3244,342.4,1
44,1,42,79,460,83,483,6,63,0.300328,1702,324.057,0.551164,962,324.057,1
44,2,42,89,480,90,505,6,105,0.248742,1313,304.057,0.752728,1443,304.057,1
44,3,42,83,500,83,544,6,63,0.136093,1299,282.4,0.432504,574,282.4,1
44,4,42,83,520,88,557,6,113,0.181106,1276,266.543,0.526538,813,266.543,1
44,5,42,88,540,90,550,6,67,0.095157,1021,246.714,0.336385,502,246.714,1
44,6,42,94,559,88,582,6,112,0.203398,968,222.986,0.212895,225,222.986,1
44,7,42,94,579,88,622,6,112,0.138627,925,202.986,0.530966,376,202.986,1
44,8,42,95,599,95,619,6,85,0.220028,865,188.371,1.05808,844,188.371,1
45,0,42,493,1094,-1,-1,0,0,43.5879,151421,1241.17,44.4296,106229,1241.17,1
45,1,42,493,1074,493,1034,6,113,53.4459,148373,1221.17,0.318461,61,1221.17,1
45,2,42,493,1054,486,1027,6,103,47.731,145251,1201.17,0.233774,117,1201.17,1
45,3,42,484,1034,479,992,6,113,46.2218,141609,1177.44,0.485682,140,1177.44,1
45,4,42,479,1014,472,965,6,113,46.051,137172,1155.37,0.268759,154,1155.37,1
45,5,42,473,994,471,973,6,89,36.3095,129496,1132.89,0.565821,68,1132.89,1
45,6,42,465,974,464,942,6,113,34.4654,119550,1109.57,0.547467,75,1109.57,1
45,7,42,464,954,457,937,6,93,32.0767,111599,1089.16,0.829906,116,1089.16,1
45,8,42,450,934,450,907,6,113,28.3768,94495,1063.36,0.287744,61,1063.36,1
46,0,42,291,292,-1,-1,0,0,14.1115,38961,825.9,52.5444,77552,825.9,1
46,1,42,311,292,314,340,6,92,11.7195,38908,806.486,0.677679,421,806.486,1
46,2,42,312,312,321,344,6,89,9.68917,38027,787.243,0.423597,334,787.243,1
46,3,42,316,332,328,374,6,113,9.4164,37551,765.586,0.595376,206,765.586,1
46,4,42,328,349,331,368,6,77,11.5323,37090,741.857,0.144939,81,741.857,1
46,5,42,338,369,338,396,6,111,11.9064,36147,717.714,0.186646,55,717.714,1
46,6,42,340,389,350,426,6,68,11.0247,37043,756.057,20.1391,33008,756.057,1
46,7,42,338,407,315,426,6,18,24.4078,66893,1042.27,221.158,233730,1042.27,1
46,8,42,358,406,398,406,6,62,17.7244,66094,1021.86,0.084737,61,1021.86,1
47,0,42,702,116,-1,-1,0,0,11.6684,70755,765.857,11.3425,27717,765.857,1
47,1,42,682,136,672,146,6,113,10.1172,69863,737.571,0.343979,62,737.571,1
47,2,42,671,156,624,205,6,113,9.14041,69148,713.014,0.113942,67,713.014,1
47,3,42,651,176,624,223,6,113,10.7295,67865,684.729,0.249403,130,684.729,1
47,4,42,631,196,624,240,6,113,9.52491,64899,656.443,0.136664,123,656.443,1
47,5,42,631,216,631,229,6,99,10.757,63247,642.243,0.773316,1295,642.243,1
47,6,42,633,236,624,260,6,113,9.86605,57826,617.271,0.16697,144,617.271,1
47,7,42,631,256,624,279,6,94,9.23492,51398,596.443,0.422785,137,596.443,1
47,8,42,631,276,589,292,6,63,7.31367,44980,576.443,0.147283,94,576.443,1
48,0,42,744,790,-1,-1,0,0,3.10593,18076,424.486,11.8868,24480,424.486,1
48,1,42,724,770,689,739,6,113,2.41527,13738,396.2,0.206283,81,396.2,1
48,2,42,704,750,691,746,6,81,1.89442,9937,370.4,1.01725,1369,370.4,1
48,3,42,684,748,656,739,6,113,1.06784,7567,347.086,0.257027,186,347.086,1
48,4,42,664,746,651,743,6,73,1.04111,6484,329.571,0.580428,398,329.571,1
48,5,42,644,745,622,739,6,113,0.663512,4623,306.671,0.227693,219,306.671,1
48,6,42,624,745,590,739,6,113,0.455145,3475,286.671,0.235869,304,286.671,1
48,7,42,604,746,581,739,6,88,0.270552,2217,266.257,0.106318,69,266.257,1
48,8,42,584,746,552,739,6,73,0.191155,1339,251.814,0.908658,1099,251.814,1
49,0,42,71,1087,-1,-1,0,0,6.97842,32451,400.3,8.31898,20178,400.3,1
49,1,42,91,1087,103,1087,6,113,6.09735,29756,380.3,0.126826,61,380.3,1
49,2,42,111,1080,161,1080,6,113,4.7146,27004,357.4,0.130452,61,357.4,1
49,3,42,131,1080,163,1073,6,81,5.29465,24372,337.4,0.15113,122,337.4,1
49,4,42,151,1076,163,1066,6,79,3.99965,22154,319.843,0.745003,1223,319.843,1
49,5,42,164,1059,192,1059,6,113,3.87852,18932,295.7,0.304987,61,295.7,1
49,6,42,184,1058,224,1052,6,113,3.95367,16318,275.286,0.191846,154,275.286,1
49,7,42,204,1052,250,1045,6,113,2.54502,12928,252.8,0.193088,154,252.8,1
49,8,42,224,1045,256,1038,6,99,1.66027,9681,233.214,0.740636,722,233.214,1
50,0,42,91,1131,-1,-1,0,0,25.3221,120255,846.871,45.6002,103243,846.871,1
50,1,42,111,1111,152,1070,6,113,24.3052,120142,818.586,0.482706,62,818.586,1
50,2,42,131,1091,175,1056,6,113,21.3648,120029,790.3,0.217474,154,790.3,1
50,3,42,151,1077,186,1054,6,111,21.7345,119918,764.5,0.208758,120,764.5,1
50,4,42,171,1063,216,1033,6,113,20.818,119805,738.7,0.200362,154,738.7,1
50,5,42,191,1058,205,1044,6,113,19.8522,119692,716.629,0.781201,62,716.629,1
50,6,42,211,1047,255,1003,6,113,23.0896,119579,692.071,0.408859,62,692.071,1
50,7,42,231,1027,244,1014,6,113,21.9851,118900,663.786,0.259672,62,663.786,1
50,8,42,251,1016,278,989,6,113,19.1874,117730,639.229,0.154006,62,639.229,1
51,0,42,66,272,-1,-1,0,0,52.8185,116274,853.243,20.8216,47244,853.243,1
51,1,42,86,292,111,317,6,113,43.4142,111273,824.957,0.201084,62,824.957,1
51,2,42,104,312,143,358,6,113,47.5123,105101,797.5,0.245126,143,797.5,1
51,3,42,117,332,151,375,6,113,45.4614,98386,772.114,0.288816,152,772.114,1
51,4,42,136,352,144,371,6,89,37.7076,87158,744.243,0.150559,91,744.243,1
51,5,42,138,372,184,420,6,113,35.2196,83701,723.414,0.224307,85,723.414,1
51,6,42,156,392,194,439,6,113,23.8874,73917,695.957,0.196274,155,695.957,1
51,7,42,176,412,208,462,6,113,19.6952,63135,667.671,0.518998,154,667.671,1
51,8,42,187,432,203,466,6,73,18.318,57291,643.114,0.17786,159,643.114,1
52,0,42,590,409,-1,-1,0,0,1.48203,11114,610.743,49.6911,92787,610.743,1
52,1,42,571,394,544,381,6,68,4.48186,26162,703.929,19.3563,36457,703.929,1
52,2,42,551,379,531,370,6,44,5.3965,25483,700.829,2.1145,3748,700.829,1
52,3,42,538,360,498,374,6,105,3.30197,22482,675.857,0.561553,690,675.857,1
52,4,42,525,359,502,364,6,101,3.44198,18298,653.371,0.309635,314,653.371,1
52,5,42,505,358,491,366,6,105,3.35298,14871,632.957,0.263569,130,632.957,1
52,6,42,485,363,458,390,6,113,2.00835,11059,610.057,0.124131,62,610.057,1
52,7,42,465,383,435,404,6,78,1.25542,7756,581.771,0.377551,141,581.771,1
52,8,42,445,394,425,405,6,67,0.863113,6120,557.214,0.143807,79,557.214,1
53,0,42,367,667,-1,-1,0,0,6.58791,18791,427.871,11.3931,20798,427.871,1
53,1,42,347,687,333,695,6,113,4.83201,14638,399.586,0.163203,95,399.586,1
53,2,42,327,692,286,702,6,63,2.58903,12340,377.514,0.169285,198,377.514,1
53,3,42,307,695,293,695,6,103,2.83979,11626,362.071,2.3885,3031,362.071,1
53,4,42,287,692,244,714,6,113,1.99275,9398,337.514,0.247049,177,337.514,1
53,5,42,267,703,231,715,6,112,1.36587,7742,312.957,0.170928,88,312.957,1
53,6,42,247,707,207,715,6,113,1.3072,6720,291.3,0.210451,172,291.3,1
53,7,42,227,708,187,715,6,113,0.784236,4770,270.886,0.235938,144,270.886,1
53,8,42,207,708,170,717,6,81,0.418427,2508,250.886,0.128008,101,250.886,1
54,0,42,457,277,-1,-1,0,0,3.32178,20691,445.714,18.0147,30691,445.714,1
54,1,42,472,297,472,318,6,74,2.73437,16588,425.3,0.652763,650,425.3,1
54,2,42,478,317,471,330,6,62,1.95416,13183,402.814,0.122959,107,402.814,1
54,3,42,473,337,457,382,6,113,2.23871,11393,379.914,0.189052,77,379.914,1
54,4,42,471,357,451,379,6,77,1.96876,10022,359.086,0.155419,161,359.086,1
54,5,42,462,372,443,378,6,89,1.73699,8713,338.257,0.213406,158,338.257,1
54,6,42,442,372,415,397,6,113,1.392,7499,317.429,0.142825,85,317.429,1
54,7,42,422,390,373,406,6,63,0.774338,6012,289.971,0.213928,283,289.971,1
54,8,42,402,399,360,406,6,53,0.605024,5056,269.414,0.3661,377,269.414,1
55,0,42,760,649,-1,-1,0,0,0.95299,5178,949.743,77.6494,161331,949.743,1
55,1,42,760,629,760,583,6,74,0.956466,4732,991.914,15.9712,26014,991.914,1
55,2,42,760,649,760,660,6,46,0.243159,679,-1,232.271,401937,-1,1
56,0,42,413,1079,-1,-1,0,0,0.329089,1368,931.486,44.7984,116048,931.486,1
56,1,42,393,1059,361,1027,6,113,0.2541,828,903.2,0.143095,62,903.2,1
56,2,42,373,1039,344,1001,6,113,0.236818,762,874.914,0.192106,154,874.914,1
56,3,42,362,1019,322,970,6,104,0.191815,741,850.357,0.192406,128,850.357,1
56,4,42,350,999,338,986,6,113,0.101588,713,825.386,0.126343,74,825.386,1
56,5,42,340,979,321,948,6,63,0.0863,762,801.243,0.133016,137,801.243,1
56,6,42,328,959,325,943,6,70,0.248099,750,779.586,4.68749,3879,779.586,1
56,7,42,330,939,321,904,6,54,0.385743,2829,767.043,4.89532,7434,767.043,1
56,8,42,330,919,330,901,6,101,0.467865,2353,747.043,0.113149,61,747.043,1
57,0,42,545,343,-1,-1,0,0,2.32712,12442,960.386,86.4729,169238,960.386,1
57,1,42,542,363,542,398,6,35,2.47564,17524,989.343,20.4026,27610,989.343,1
57,2,42,524,370,486,384,6,111,3.01398,13832,967.271,0.329329,218,967.271,1
57,3,42,504,374,471,390,6,113,2.41876,10411,945.614,0.388098,145,945.614,1
57,4,42,484,378,459,393,6,113,1.95191,8225,923.957,0.256274,127,923.957,1
57,5,42,464,386,418,406,6,63,1.34553,6939,900.643,0.364745,234,900.643,1
57,6,42,444,399,404,406,6,63,1.0617,5607,875.257,0.204588,104,875.257,1
57,7,42,424,399,413,399,6,91,0.658148,5014,861.057,0.845534,423,861.057,1
57,8,42,404,399,357,406,6,63,0.49184,3991,842.671,0.586334,882,842.671,1
58,0,42,220,1119,-1,-1,0,0,64.4262,167784,1331.59,58.7047,127936,1331.59,1
58,1,42,240,1099,286,1053,6,113,60.8039,159832,1303.3,0.282553,62,1303.3,1
58,2,42,260,1079,279,1053,6,79,67.2156,153692,1275.01,0.152683,113,1275.01,1
58,3,42,272,1059,292,1031,6,113,71.929,147802,1250.04,0.392937,154,1250.04,1
58,4,42,284,1039,289,1025,6,77,50.9286,144539,1226.73,2.24648,1947,1226.73,1
58,5,42,286,1019,321,984,6,113,48.8974,136217,1204.24,0.424285,62,1204.24,1
58,6,42,306,999,320,976,6,89,38.9008,132014,1176.54,0.289956,426,1176.54,1
58,7,42,313,979,329,959,6,113,38.0446,124327,1153.64,0.3516,118,1153.64,1
58,8,42,322,960,335,944,6,113,31.782,119135,1130.33,0.190342,96,1130.33,1
59,0,42,127,155,-1,-1,0,0,24.6401,140472,1215.97,71.385,153440,1215.97,1
59,1,42,147,175,190,218,6,113,24.1407,139684,1187.69,0.271812,62,1187.69,1
59,2,42,167,195,206,243,6,113,22.4687,138610,1159.4,0.297751,125,1159.4,1
59,3,42,183,215,207,263,6,88,20.9221,137647,1132.77,0.354555,159,1132.77,1
59,4,42,198,235,200,262,6,79,22.7618,136882,1110.7,2.19434,2393,1110.7,1
59,5,42,198,255,223,294,6,53,24.0618,136779,1090.7,0.642999,569,1090.7,1
59,6,42,204,275,205,308,6,102,23.557,136039,1069.04,0.81644,758,1069.04,1
59,7,42,204,295,209,330,6,113,25.1406,135501,1049.04,0.362981,337,1049.04,1
59,8,42,202,315,210,362,6,113,23.9237,133875,1024.9,0.239122,220,1024.9,1
60,0,42,327,96,-1,-1,0,0,9.69592,57691,1226.44,83.1179,204081,1226.44,1
60,1,42,347,95,358,100,6,52,9.84965,57639,1247.77,6.08678,13791,1247.77,1
60,2,42,354,78,367,63,6,33,0.128117,689,-1,176.192,371209,-1,1
61,0,42,295,908,-1,-1,0,0,0.241467,524,541.743,18.0718,43921,541.743,1
61,1,42,275,888,241,854,6,113,0.184922,496,513.457,0.115172,62,513.457,1
61,2,42,255,868,224,828,6,113,0.077393,479,485.171,0.151931,154,485.171,1
61,3,42,244,848,228,823,6,73,0.062024,488,460.614,0.130661,116,460.614,1
61,4,42,235,828,216,802,6,113,0.055934,422,436.886,0.155117,143,436.886,1
61,5,42,223,808,182,759,6,113,0.045675,398,411.914,0.15677,157,411.914,1
61,6,42,211,788,177,745,6,74,0.093603,370,386.943,0.105084,97,386.943,1
61,7,42,191,768,171,724,6,66,0.051055,365,358.657,0.131493,104,358.657,1
61,8,42,184,748,175,715,6,95,0.170235,416,335.757,0.20555,192,335.757,1
62,0,42,657,74,-1,-1,0,0,20.735,115259,1308.74,71.526,163427,1308.74,1
62,1,42,637,94,628,139,6,70,18.227,115182,1280.46,0.39518,305,1280.46,1
62,2,42,635,114,627,152,6,63,16.5615,115119,1259.63,0.103852,89,1259.63,1
62,3,42,635,134,626,177,6,85,17.6667,115033,1239.63,0.230025,168,1239.63,1
62,4,42,633,154,627,185,6,89,19.6779,114943,1219.63,0.657657,700,1219.63,1
62,5,42,633,174,624,224,6,113,17.6476,114830,1199.63,0.353544,351,1199.63,1
62,6,42,631,194,624,234,6,104,22.7172,114725,1177.97,0.099604,74,1177.97,1
62,7,42,631,214,624,264,6,113,19.422,114612,1157.97,0.404778,214,1157.97,1
62,8,42,631,234,624,281,6,84,17.6354,114418,1137.97,0.135641,123,1137.97,1
63,0,42,747,320,-1,-1,0,0,5.55114,27646,347.2,5.34132,6070,347.2,1
63,1,42,727,320,708,320,6,113,5.04427,24197,327.2,0.136573,61,327.2,1
63,2,42,707,327,661,327,6,113,4.54665,20535,307.614,0.64361,1391,307.614,1
63,3,42,687,327,650,331,6,113,4.55152,18085,290.1,0.703241,958,290.1,1
63,4,42,667,320,626,320,6,113,2.57107,14179,267.2,0.098072,61,267.2,1
63,5,42,647,320,612,327,6,113,2.2396,11842,250.514,0.971717,1252,250.514,1
63,6,42,627,326,616,332,6,73,1.74844,8927,230.514,0.231248,146,230.514,1
63,7,42,607,320,583,320,6,113,0.881931,6214,207.2,0.099614,61,207.2,1
63,8,42,587,325,566,327,6,113,0.667936,5205,188.443,0.354475,396,188.443,1
64,0,42,89,25,-1,-1,0,0,15.0987,75693,878.786,44.8581,100553,878.786,1
64,1,42,109,45,140,76,6,113,15.291,73443,850.5,0.372338,62,850.5,1
64,2,42,129,65,149,94,6,113,12.4642,69884,822.214,0.390352,154,822.214,1
64,3,42,140,85,172,126,6,113,12.6175,65151,797.657,0.279707,154,797.657,1
64,4,42,151,105,186,149,6,113,10.7813,58564,773.1,0.163182,154,773.1,1
64,5,42,165,125,184,156,6,81,9.36836,50671,747.3,0.197806,116,747.3,1
64,6,42,177,145,186,167,6,111,7.78997,43768,722.329,0.195391,120,722.329,1
64,7,42,179,165,207,209,6,99,6.65601,39862,701.5,0.233612,144,701.5,1
64,8,42,195,185,215,228,6,113,5.49179,32420,674.871,0.212242,133,674.871,1
65,0,42,432,1130,-1,-1,0,0,0.220168,687,489.057,18.4305,33922,489.057,1
65,1,42,412,1110,397,1095,6,113,0.203957,630,460.771,0.183169,62,460.771,1
65,2,42,401,1090,372,1061,6,113,0.168863,565,436.214,0.189921,62,436.214,1
65,3,42,381,1070,378,1059,6,72,0.151671,555,411.243,1.29747,1708,411.243,1
65,4,42,378,1050,351,1023,6,113,0.114051,440,386.686,0.142193,62,386.686,1
65,5,42,358,1030,327,990,6,113,0.132636,383,358.4,0.289786,171,358.4,1
65,6,42,347,1010,321,968,6,91,0.06447,373,333.843,0.169113,152,333.843,1
65,7,42,334,990,321,955,6,63,0.045153,370,308.457,0.116856,95,308.457,1
65,8,42,328,970,321,934,6,63,0.045224,387,285.971,0.146881,151,285.971,1
66,0,42,166,1054,-1,-1,0,0,15.7672,84143,685.229,52.5948,99287,685.229,1
66,1,42,186,1034,196,1024,6,113,16.2065,83579,656.943,0.357472,62,656.943,1
66,2,42,206,1023,256,973,6,113,16.7107,81626,632.386,0.417993,62,632.386,1
66,3,42,226,1003,250,980,6,99,11.204,75362,604.1,0.271141,60,604.1,1
66,4,42,246,987,280,968,6,113,9.21853,67357,577.471,0.158293,155,577.471,1
66,5,42,266,975,300,968,6,113,11.3746,59156,552.5,0.203196,144,552.5,1
66,6,42,286,975,321,966,6,80,8.30335,56850,542.986,1.05221,979,542.986,1
66,7,42,306,973,327,964,6,72,8.50598,52358,529.471,0.360386,373,529.471,1
66,8,42,326,971,321,942,6,63,5.83484,45004,508.643,0.28125,308,508.643,1
67,0,42,614,1063,-1,-1,0,0,24.1225,83486,1039.03,144.414,232776,1039.03,1
67,1,42,634,1064,669,1064,6,71,18.3336,83546,1026.76,1.28555,388,1026.76,1
67,2,42,654,1064,676,1057,6,46,16.2898,73565,1520.96,173.033,234564,1520.96,1
67,3,42,634,1064,589,1064,6,71,18.2536,73494,1506.76,1.27094,1511,1506.76,1
67,4,42,614,1064,576,1064,6,74,19.9327,73418,1486.76,0.155317,171,1486.76,1
67,5,42,594,1068,546,1064,6,70,2.31754,16151,-1,46.8525,105489,-1,1
68,0,42,360,1082,-1,-1,0,0,49.6155,152888,943.343,26.229,60950,943.343,1
68,1,42,380,1062,392,1050,6,113,44.9262,144686,915.057,0.239954,62,915.057,1
68,2,42,391,1042,419,1014,6,113,53.0598,136951,890.5,0.192626,62,890.5,1
68,3,42,411,1022,413,1011,6,77,43.0585,128512,866.357,3.57018,3504,866.357,1
68,4,42,413,1002,433,952,6,113,44.2071,117759,841.386,0.457205,263,841.386,1
68,5,42,426,982,429,947,6,73,35.913,110101,819.314,0.560296,443,819.314,1
68,6,42,426,962,433,932,6,113,33.43,102255,799.314,0.31899,225,799.314,1
68,7,42,425,942,433,918,6,113,29.5039,91602,776.414,0.294497,102,776.414,1
68,8,42,426,922,433,899,6,113,28.2212,88029,756,0.224597,137,756,1
69,0,42,546,748,-1,-1,0,0,12.5627,59750,759.429,24.6054,55204,759.429,1
69,1,42,526,728,488,690,6,113,11.0307,56460,731.143,0.146262,62,731.143,1
69,2,42,506,708,482,693,6,77,16.3255,53383,702.857,0.116727,113,702.857,1
69,3,42,486,700,460,680,6,113,13.7658,48392,679.543,0.254572,132,679.543,1
69,4,42,466,687,420,649,6,113,10.251,42772,654.157,0.20481,154,654.157,1
69,5,42,446,675,401,639,6,113,7.67661,37232,629.186,0.219918,155,629.186,1
69,6,42,426,656,397,644,6,73,7.34785,32231,601.314,0.124511,144,601.314,1
69,7,42,406,651,375,631,6,113,5.16756,26274,579.243,0.329763,154,579.243,1
69,8,42,386,642,349,614,6,113,4.37071,20580,555.514,0.213918,154,555.514,1
70,0,42,762,201,-1,-1,0,0,8.83121,42740,431.157,9.32731,17460,431.157,1
70,1,42,742,212,723,224,6,113,8.69517,38506,403.286,0.373975,143,403.286,1
70,2,42,722,218,711,224,6,112,7.60613,33839,381.629,0.342897,140,381.629,1
70,3,42,702,224,659,255,6,113,5.74471,29935,358.314,0.325906,329,358.314,1
70,4,42,682,241,666,257,6,81,5.96604,25035,336.543,0.709558,983,336.543,1
70,5,42,662,243,638,267,6,113,2.92266,20116,315.714,0.144007,62,315.714,1
70,6,42,645,263,630,284,6,113,2.13408,16269,293.943,0.731659,914,293.943,1
70,7,42,637,283,616,292,6,59,2.4438,12619,270.629,0.126956,116,270.629,1
70,8,42,620,297,603,299,6,113,1.43934,8554,246.071,0.141493,92,246.071,1
71,0,42,24,103,-1,-1,0,0,9.75803,47558,703.557,34.244,73155,703.557,1
71,1,42,24,123,22,147,6,52,14.6517,62076,967.214,102.352,158421,967.214,1
71,2,42,24,103,24,85,6,85,0.114893,238,-1,209.51,358360,-1,1
72,0,42,100,587,-1,-1,0,0,12.5142,39957,427.729,5.58881,10208,427.729,1
72,1,42,88,607,88,636,6,113,9.94708,36090,408.557,1.17052,2189,408.557,1
72,2,42,83,627,82,662,6,63,10.4364,32571,387.314,0.346022,528,387.314,1
72,3,42,82,647,88,685,6,113,8.08,30726,371.043,1.09827,1162,371.043,1
72,4,42,89,667,92,680,6,73,8.36966,29500,351.457,0.341244,251,351.457,1
72,5,42,94,687,87,717,6,97,6.75797,27721,325.243,0.241929,225,325.243,1
72,6,42,94,707,72,752,6,113,8.1471,26201,305.243,0.135231,154,305.243,1
72,7,42,86,727,79,743,6,111,7.57285,24221,281.929,0.213656,119,281.929,1
72,8,42,84,747,72,794,6,113,5.45494,22177,261.1,0.187288,154,261.1,1
73,0,42,416,540,-1,-1,0,0,30.0442,113750,574.814,14.419,34071,574.814,1
73,1,42,436,560,448,572,6,113,21.1882,105490,546.529,0.29072,62,546.529,1
73,2,42,447,580,458,591,6,113,19.8598,99096,521.971,0.175827,62,521.971,1
73,3,42,458,600,474,616,6,113,19.8982,92926,497.414,0.145481,62,497.414,1
73,4,42,469,620,489,640,6,113,17.3244,85663,472.857,0.197898,62,472.857,1
73,5,42,482,640,495,655,6,113,17.0803,76797,447.471,0.235918,85,447.471,1
73,6,42,491,660,530,699,6,113,15.727,69309,423.743,0.148275,62,423.743,1
73,7,42,511,680,540,718,6,96,10.2425,59208,395.457,0.219518,154,395.457,1
73,8,42,524,700,551,746,6,109,8.35311,51555,370.071,0.122868,79,370.071,1
74,0,42,679,522,-1,-1,0,0,0.228745,472,456.314,13.4168,30089,456.314,1
74,1,42,659,522,633,522,6,15,0.234776,2254,859.8,133.148,223840,859.8,1
74,2,42,679,522,698,522,6,13,0.01029,64,-1,249.378,335770,-1,1
75,0,42,82,314,-1,-1,0,0,19.8508,95481,636.514,21.5741,46127,636.514,1
75,1,42,102,334,146,378,6,113,17.8773,89037,608.229,0.145741,62,608.229,1
75,2,42,122,354,139,372,6,99,17.6893,81842,579.943,0.081631,60,579.943,1
75,3,42,133,374,145,387,6,97,16.0194,74306,555.386,0.14575,74,555.386,1
75,4,42,143,394,166,417,6,113,15.1929,65838,531.243,0.102501,62,531.243,1
75,5,42,159,414,185,445,6,113,10.216,56988,504.614,0.223505,118,504.614,1
75,6,42,174,434,179,448,6,77,8.51888,48761,480.057,1.09317,930,480.057,1
75,7,42,176,454,195,473,6,113,7.31217,42951,458.157,0.505178,296,458.157,1
75,8,42,189,474,222,519,6,85,7.16506,38220,440.771,1.23281,1806,440.771,1
76,0,42,278,921,-1,-1,0,0,2.42081,15241,542.743,55.417,95536,542.743,1
76,1,42,278,901,278,872,6,113,2.0547,14126,522.743,0.186126,61,522.743,1
76,2,42,278,881,271,868,6,89,1.69398,12652,504.5,1.03219,1144,504.5,1
76,3,42,264,864,253,831,6,97,2.03766,10612,479.943,0.417285,149,479.943,1
76,4,42,257,844,243,812,6,63,1.64027,8394,459.529,1.33562,610,459.529,1
76,5,42,246,824,238,784,6,113,1.28398,6196,439.114,1.29191,1087,439.114,1
76,6,42,236,804,238,770,6,113,0.573395,3530,414.971,0.231369,252,414.971,1
76,7,42,231,784,238,752,6,113,0.218115,2017,392.9,0.218095,130,392.9,1
76,8,42,231,764,239,724,6,78,0.258671,1356,376.414,0.691144,474,376.414,1
77,0,42,191,415,-1,-1,0,0,0.602319,738,819.443,28.912,58631,819.443,1
77,1,42,211,435,224,458,6,63,0.246929,781,791.157,0.153996,123,791.157,1
77,2,42,217,455,224,489,6,63,0.124361,849,768.671,0.149698,221,768.671,1
77,3,42,217,475,226,523,6,87,0.103733,865,749.5,0.969611,1305,749.5,1
77,4,42,217,495,216,514,6,87,0.142985,812,731.986,1.3539,3030,731.986,1
77,5,42,223,515,220,525,6,72,0.097982,772,739.3,15.4699,28772,739.3,1
77,6,42,210,511,213,525,6,77,0.30162,675,718.886,0.192407,193,718.886,1
77,7,42,210,531,229,550,6,113,0.297282,630,695.571,0.456938,62,695.571,1
77,8,42,223,551,237,567,6,113,0.281202,610,670.186,0.202746,85,670.186,1
78,0,42,667,217,-1,-1,0,0,22.0735,92430,915.943,65.3375,132008,915.943,1
78,1,42,647,237,624,280,6,89,16.7154,86365,887.657,0.261776,192,887.657,1
78,2,42,631,257,631,274,6,99,14.2369,80919,866.829,2.28316,4213,866.829,1
78,3,42,637,277,625,289,6,78,14.9798,76186,843.514,0.168593,62,843.514,1
78,4,42,626,297,580,343,6,113,14.4695,70213,823.057,1.3013,1147,823.057,1
78,5,42,606,317,571,354,6,113,18.288,62667,795.943,0.939996,910,795.943,1
78,6,42,586,332,573,341,6,81,20.0696,56796,773.486,0.525866,290,773.486,1
78,7,42,580,352,570,361,6,79,14.0838,52578,753.686,0.534382,645,753.686,1
78,8,42,568,368,542,388,6,35,12.1086,47820,753.629,2.60077,4433,753.629,1
79,0,42,643,1085,-1,-1,0,0,7.59324,33373,674.171,107.128,141085,674.171,1
79,1,42,663,1065,676,1046,6,24,2.29213,19762,1186.23,122.182,221059,1186.23,1
79,2,42,643,1064,622,1064,6,73,2.33173,19689,1171.61,1.87165,2199,1171.61,1
79,3,42,623,1070,579,1064,6,74,2.86237,19615,1149.13,0.415472,402,1149.13,1
79,4,42,603,1071,562,1064,6,74,2.74193,19541,1128.71,0.448934,123,1128.71,1
79,5,42,583,1071,565,1071,6,85,2.17726,19456,1114.51,0.827778,531,1114.51,1
79,6,42,563,1077,546,1064,6,70,1.66011,16107,-1,96.6126,209930,-1,1
80,0,42,758,378,-1,-1,0,0,10.143,35611,760.014,28.4241,75842,760.014,1
80,1,42,738,380,698,380,6,113,7.83001,35196,744.157,2.58455,4865,744.157,1
80,2,42,718,387,699,387,6,79,7.50543,33090,727.057,2.78857,4269,727.057,1
80,3,42,698,394,667,394,6,113,6.9334,29287,704.157,0.131534,61,704.157,1
80,4,42,678,394,664,387,6,85,4.73691,27295,685.329,0.529664,838,685.329,1
80,5,42,660,380,622,380,6,113,5.37683,26824,666.157,0.846712,951,666.157,1
80,6,42,640,387,605,387,6,113,5.23424,23408,643.257,0.094085,61,643.257,1
80,7,42,620,387,579,380,6,113,4.47833,22329,629.057,0.778987,1043,629.057,1
80,8,42,600,394,579,394,6,107,3.2146,19111,606.157,0.09149,61,606.157,1
81,0,42,251,622,-1,-1,0,0,25.7458,95243,739.614,13.5812,31075,739.614,1
81,1,42,271,602,303,570,6,113,19.1719,83788,716.014,3.22697,2815,716.014,1
81,2,42,291,582,332,532,6,113,18.5169,69367,688.314,0.615303,1042,688.314,1
81,3,42,302,562,320,544,6,113,12.8251,54922,663.757,0.562705,62,663.757,1
81,4,42,322,550,345,528,6,113,8.68293,41381,644.057,0.950677,613,644.057,1
81,5,42,342,535,373,502,6,110,5.47612,36814,624.229,0.989477,1209,624.229,1
81,6,42,362,520,380,479,6,109,6.72365,32246,598.6,0.269961,344,598.6,1
81,7,42,380,502,377,489,6,107,5.75683,28682,577.186,0.657551,551,577.186,1
81,8,42,387,482,386,462,6,113,4.37401,25602,554.286,0.11861,59,554.286,1
82,0,42,370,550,-1,-1,0,0,5.03938,25231,402.143,6.71037,14960,402.143,1
82,1,42,390,530,404,516,6,113,2.98413,19503,373.857,0.112249,62,373.857,1
82,2,42,410,519,458,501,6,25,4.45205,34873,445.957,8.3593,18178,445.957,1
82,3,42,408,499,379,455,6,113,4.34046,29181,424.3,0.352656,311,424.3,1
82,4,42,394,479,359,446,6,23,61.5982,366961,1361.33,42.4887,85845,1361.33,1
82,5,42,374,496,334,501,6,24,76.8619,455110,-1,0.452751,319,-1,1
83,0,42,97,1089,-1,-1,0,0,49.1542,185137,1264.84,105.879,193540,1264.84,1
83,1,42,117,1069,134,1052,6,113,51.3198,181783,1236.56,0.267036,62,1236.56,1
83,2,42,137,1058,162,1033,6,113,45.2439,177174,1212,0.229947,62,1212,1
83,3,42,157,1040,169,1035,6,81,58.1041,170656,1186.2,3.57969,901,1186.2,1
83,4,42,177,1036,224,989,6,113,54.4334,164693,1162.89,0.688188,62,1162.89,1
83,5,42,197,1016,237,985,6,113,40.0601,156257,1134.6,0.304105,134,1134.6,1
83,6,42,217,996,256,975,6,113,41.2231,148115,1106.31,0.1509,155,1106.31,1
83,7,42,237,992,270,970,6,113,44.3138,143582,1084.66,0.329662,130,1084.66,1
83,8,42,257,981,268,977,6,81,47.8897,138652,1062.59,0.647202,479,1062.59,1
84,0,42,659,912,-1,-1,0,0,0.562805,3937,574.443,10.5245,18399,574.443,1
84,1,42,639,912,597,935,6,106,0.388782,3173,554.443,0.183832,230,554.443,1
84,2,42,619,913,579,938,6,104,0.198088,2227,533.2,0.135391,154,533.2,1
84,3,42,599,928,581,931,6,81,0.16688,1918,508.743,0.447801,830,508.743,1
84,4,42,582,944,540,967,6,113,0.156801,1734,483.357,0.162983,208,483.357,1
84,5,42,562,960,546,960,6,99,0.125012,892,461.7,1.13653,2108,461.7,1
84,6,42,542,973,499,968,6,113,0.098002,812,437.143,0.561112,894,437.143,1
84,7,42,522,974,506,974,6,99,0.241118,1652,421.7,1.05674,2652,421.7,1
84,8,42,502,962,485,967,6,113,0.227793,1562,397.557,0.326307,198,397.557,1
85,0,42,638,275,-1,-1,0,0,11.087,39571,648.471,33.7425,57720,648.471,1
85,1,42,619,295,588,326,6,113,8.15309,33497,620.6,0.167582,62,620.6,1
85,2,42,599,315,561,362,6,113,5.28068,28275,596.414,1.67422,2925,596.414,1
85,3,42,588,335,568,359,6,85,3.98803,24239,573.029,0.978978,607,573.029,1
85,4,42,568,352,546,368,6,113,3.26788,19734,545.986,0.094997,75,545.986,1
85,5,42,553,366,542,411,6,35,5.64841,30459,633.929,24.56,38847,633.929,1
85,6,42,535,370,501,374,6,101,3.99615,26094,611.443,0.526328,404,611.443,1
85,7,42,515,370,489,377,6,113,3.47037,22502,591.443,0.298414,161,591.443,1
85,8,42,495,370,457,400,6,113,3.99311,18508,568.957,0.179523,158,568.957,1
86,0,42,394,674,-1,-1,0,0,2.52339,10951,356.786,4.40961,6800,356.786,1
86,1,42,374,654,328,608,6,113,1.55063,9238,328.5,0.141884,62,328.5,1
86,2,42,354,634,328,615,6,79,1.67815,7550,300.214,0.184293,113,300.214,1
86,3,42,334,622,309,605,6,113,1.18843,6238,279.929,1.69617,1520,279.929,1
86,4,42,314,612,283,588,6,113,1.28701,4320,256.371,0.696533,490,256.371,1
86,5,42,294,599,271,567,6,113,0.634138,3132,235.671,1.34115,1506,235.671,1
86,6,42,283,579,271,574,6,79,0.412476,2193,211.7,0.169104,136,211.7,1
86,7,42,272,559,225,522,6,85,0.336695,1980,192.414,1.28247,1766,192.414,1
86,8,42,252,539,233,529,6,107,0.122648,707,164.129,0.101008,116,164.129,1
87,0,42,489,634,-1,-1,0,0,0.144448,715,451.857,14.9983,32627,451.857,1
87,1,42,469,614,421,566,6,113,0.298945,541,423.571,0.39852,62,423.571,1
87,2,42,449,594,426,573,6,93,0.129591,494,395.286,0.15091,66,395.286,1
87,3,42,429,580,394,550,6,113,0.079919,371,369.486,0.221792,118,369.486,1
87,4,42,409,565,370,535,6,113,0.135813,336,343.271,0.28541,154,343.271,1
87,5,42,389,554,366,540,6,73,0.065421,355,318.714,0.176979,119,318.714,1
87,6,42,369,547,331,522,6,63,0.057066,331,295.814,0.124721,144,295.814,1
87,7,42,349,532,334,529,6,85,0.073076,388,272.914,1.05438,1008,272.914,1
87,8,42,329,533,313,522,6,63,0.104474,269,250.014,0.135411,88,250.014,1
88,0,42,622,1026,-1,-1,0,0,5.73518,20073,535.971,22.6346,42156,535.971,1
88,1,42,602,1006,571,975,6,113,3.42578,18245,507.686,0.33893,62,507.686,1
88,2,42,582,986,542,968,6,113,3.78982,14466,479.4,0.37163,200,479.4,1
88,3,42,562,975,516,968,6,70,1.83027,10083,456.6,0.898719,551,456.6,1
88,4,42,542,975,509,970,6,78,1.0916,6420,443.529,0.612718,859,443.529,1
88,5,42,522,975,486,950,6,113,0.399041,2683,423.529,0.27966,180,423.529,1
88,6,42,502,972,486,922,6,113,0.110075,558,400.629,0.212254,200,400.629,1
88,7,42,493,952,493,936,6,113,0.111908,607,382.7,0.567715,584,382.7,1
88,8,42,486,932,486,892,6,113,0.106478,557,359.8,0.392309,711,359.8,1
89,0,42,712,400,-1,-1,0,0,2.88636,14543,318.2,5.07922,9340,318.2,1
89,1,42,692,380,666,354,6,113,2.27078,11846,289.914,0.345261,62,289.914,1
89,2,42,672,361,645,342,6,113,1.91589,8783,262.043,0.291972,154,262.043,1
89,3,42,652,349,624,331,6,113,1.36648,6678,237.071,0.263189,123,237.071,1
89,4,42,632,338,611,331,6,113,0.976835,4784,212.514,0.203358,95,212.514,1
89,5,42,612,338,564,331,6,113,0.57067,3568,192.514,0.323561,333,192.514,1
89,6,42,592,338,557,333,6,81,0.549661,2872,174.171,0.619862,822,174.171,1
89,7,42,572,338,556,339,6,69,0.370569,2293,159.729,1.13459,1506,159.729,1
89,8,42,552,344,506,311,6,84,0.149538,907,135.929,0.323421,455,135.929,1
90,0,42,479,299,-1,-1,0,0,2.00639,8093,389.914,17.0452,29179,389.914,1
90,1,42,499,319,531,329,6,62,0.940948,5876,368.843,1.00074,1153,368.843,1
90,2,42,517,333,564,312,6,113,0.867852,4103,343.871,0.463311,483,343.871,1
90,3,42,537,335,575,310,6,111,0.45742,2756,322.214,0.318742,145,322.214,1
90,4,42,557,319,599,295,6,96,0.259011,1735,293.929,0.335113,243,293.929,1
90,5,42,577,316,624,290,6,86,0.191425,1367,277.957,1.18606,1521,277.957,1
90,6,42,597,302,607,297,6,89,0.118651,575,253.814,0.135181,127,253.814,1
90,7,42,617,297,655,268,6,113,0.035626,251,230.086,0.101078,77,230.086,1
90,8,42,637,286,664,250,6,113,0.039975,184,205.529,0.158745,154,205.529,1
91,0,42,88,275,-1,-1,0,0,25.8462,132040,960.514,60.2215,132413,960.514,1
91,1,42,108,295,123,310,6,113,26.0625,129894,932.229,0.236259,62,932.229,1
91,2,42,119,315,163,359,6,113,23.1168,126682,907.671,0.133007,62,907.671,1
91,3,42,139,335,177,382,6,113,23.003,120723,879.386,0.211844,154,879.386,1
91,4,42,156,355,170,378,6,89,22.4415,112433,852.343,0.112218,116,852.343,1
91,5,42,163,375,203,420,6,113,18.3786,103715,829.443,0.22059,118,829.443,1
91,6,42,178,395,196,417,6,85,18.9313,91276,803.229,0.101829,84,803.229,1
91,7,42,189,415,216,446,6,113,14.6853,80143,778.671,0.210241,107,778.671,1
91,8,42,205,435,215,454,6,89,10.6169,68047,752.043,0.107049,109,752.043,1
92,0,42,463,710,-1,-1,0,0,8.05325,35780,522.486,10.6671,24021,522.486,1
92,1,42,443,710,420,710,6,113,6.31405,31344,502.486,0.111026,61,502.486,1
92,2,42,423,704,405,703,6,113,4.77675,25564,480.829,0.501481,606,480.829,1
92,3,42,403,697,361,697,6,113,4.6589,22467,462.071,1.4225,1658,462.071,1
92,4,42,383,697,341,695,6,113,3.81873,19927,442.9,0.58151,757,442.9,1
92,5,42,363,704,353,704,6,107,2.6039,16795,425.8,0.563758,750,425.8,1
92,6,42,343,711,309,697,6,87,3.68196,15391,407.871,2.33137,2491,407.871,1
92,7,42,323,701,300,697,6,96,2.63155,12728,383.729,0.224477,163,383.729,1
92,8,42,303,690,289,699,6,94,1.79127,11324,359.171,0.108762,99,359.171,1
93,0,42,421,1008,-1,-1,0,0,9.33698,50829,461.186,9.81921,26736,461.186,1
93,1,42,441,1008,465,1008,6,113,8.3222,45294,441.186,0.106658,61,441.186,1
93,2,42,461,1003,490,1001,6,113,7.29658,39578,419.114,0.114182,92,419.114,1
93,3,42,481,1001,505,994,6,113,5.37685,34250,398.286,0.174754,147,398.286,1
93,4,42,501,989,530,987,6,113,4.75581,28313,373.314,0.108411,92,373.314,1
93,5,42,521,987,561,980,6,113,3.93337,23553,352.486,0.227372,154,352.486,1
93,6,42,541,980,588,973,6,113,3.80444,18963,329.586,0.223365,176,329.586,1
93,7,42,561,973,589,966,6,79,2.77188,15761,306.686,0.189683,125,306.686,1
93,8,42,581,965,615,954,6,113,1.7351,12691,283.371,0.159607,149,283.371,1
94,0,42,176,38,-1,-1,0,0,0.722502,1029,1101.74,28.8808,57196,1101.74,1
94,1,42,196,58,211,73,6,113,0.28528,1017,1073.46,0.182439,62,1073.46,1
94,2,42,207,78,224,98,6,59,0.24799,1007,1048.9,0.174554,74,1048.9,1
94,3,42,217,98,224,115,6,63,0.149627,1012,1024.76,0.176708,120,1024.76,1
94,4,42,218,118,224,151,6,63,0.404331,1101,1005.17,1.25021,1692,1005.17,1
94,5,42,218,138,224,168,6,63,0.297963,1015,985.171,0.308974,169,985.171,1
94,6,42,217,158,221,174,6,67,0.228545,971,967.243,2.0901,2348,967.243,1
94,7,42,216,178,224,205,6,63,0.181598,1322,952.629,4.48777,6862,952.629,1
94,8,42,214,198,209,209,6,91,0.359397,1073,937.7,3.43204,5118,937.7,1
95,0,42,717,363,-1,-1,0,0,23.5552,97261,917.543,56.5696,99645,917.543,1
95,1,42,697,380,664,380,6,113,22.1859,93656,896.3,2.51535,3366,896.3,1
95,2,42,677,387,656,387,6,107,23.7681,91549,879.2,2.07507,2103,879.2,1
95,3,42,657,394,622,394,6,113,22.3093,87629,856.3,0.226681,61,856.3,1
95,4,42,637,394,618,387,6,89,24.4964,84811,836.3,0.134289,118,836.3,1
95,5,42,617,380,607,380,6,113,21.057,83087,816.3,0.509807,215,816.3,1
95,6,42,597,387,579,387,6,113,23.5742,78405,793.4,0.125734,61,793.4,1
95,7,42,577,380,542,385,6,40,22.0677,77246,840.357,7.99829,17173,840.357,1
95,8,42,557,380,526,370,6,50,24.0636,76045,841.957,6.39255,7732,841.957,1
96,0,42,139,1139,-1,-1,0,0,18.9113,75199,746.557,40.7606,90042,746.557,1
96,1,42,159,1119,185,1093,6,113,16.3609,75046,718.271,0.201955,62,718.271,1
96,2,42,179,1100,224,1063,6,113,13.6429,75148,695.086,3.38516,3699,695.086,1
96,3,42,199,1088,212,1075,6,113,13.3405,73925,670.114,0.210651,62,670.114,1
96,4,42,219,1077,242,1046,6,113,12.4042,71114,646.143,0.446178,336,646.143,1
96,5,42,239,1057,280,1008,6,113,12.8179,64177,617.857,0.370789,426,617.857,1
96,6,42,259,1038,276,1021,6,113,11.2911,56199,595.257,0.848396,1019,595.257,1
96,7,42,261,1018,291,988,6,113,9.6547,49000,574.429,0.207435,62,574.429,1
96,8,42,281,998,303,985,6,113,7.46908,40691,551.414,0.637074,643,551.414,1
97,0,42,370,977,-1,-1,0,0,0.129551,292,320.829,7.74384,16060,320.829,1
97,1,42,390,957,402,945,6,113,0.084837,280,292.543,0.113792,62,292.543,1
97,2,42,401,937,423,915,6,113,0.036157,260,267.986,0.124782,62,267.986,1
97,3,42,416,917,442,876,6,113,0.032551,303,241.771,0.139128,158,241.771,1
97,4,42,432,897,442,858,6,113,0.036267,340,215.143,0.12906,130,215.143,1
97,5,42,435,877,442,849,6,97,0.025708,260,193.9,0.079107,67,193.9,1
97,6,42,435,857,442,826,6,113,0.030987,274,173.9,0.158304,165,173.9,1
97,7,42,435,837,442,806,6,113,0.026339,247,153.9,0.14573,144,153.9,1
97,8,42,435,817,442,786,6,113,0.042068,227,133.9,0.165237,144,133.9,1
98,0,42,438,893,-1,-1,0,0,0.650057,921,904.329,31.5528,78049,904.329,1
98,1,42,418,873,401,856,6,113,0.259893,801,876.043,0.191726,62,876.043,1
98,2,42,407,853,384,830,6,113,0.174524,742,851.486,0.232542,62,851.486,1
98,3,42,391,833,351,788,6,113,0.083174,724,824.857,0.162943,118,824.857,1
98,4,42,376,813,363,800,6,113,0.095798,702,798.643,0.114322,62,798.643,1
98,5,42,365,793,321,745,6,59,0.083225,697,774.086,0.12957,81,774.086,1
98,6,42,345,773,321,733,6,54,0.190935,697,745.8,0.130162,88,745.8,1
98,7,42,328,753,325,728,6,65,0.138337,744,722.071,3.07617,3507,722.071,1
98,8,42,329,733,321,712,6,59,0.196896,636,701.657,0.163283,164,701.657,1
99,0,42,212,1048,-1,-1,0,0,2.39871,10248,570.371,19.4171,40716,570.371,1
99,1,42,232,1028,258,1002,6,113,1.21702,7310,542.086,0.127096,62,542.086,1
99,2,42,252,1009,294,975,6,113,0.937481,4788,514.214,0.159957,154,514.214,1
99,3,42,272,997,283,986,6,113,0.416534,2721,489.243,0.159746,62,489.243,1
99,4,42,292,986,342,946,6,113,0.231009,1255,464.686,0.119882,77,464.686,1
99,5,42,312,968,328,960,6,113,0.055493,429,437.229,0.105957,77,437.229,1
99,6,42,323,956,367,912,6,113,0.108902,350,415.986,0.108812,62,415.986,1
99,7,42,343,936,373,897,6,113,0.060152,338,387.7,0.164355,145,387.7,1
99,8,42,360,916,390,871,6,113,0.065802,321,360.657,0.168644,154,360.657,1
100,0,42,21,644,-1,-1,0,0,0.201073,703,422.514,12.6653,28008,422.514,1
100,1,42,21,624,21,605,6,24,0.235267,799,618.286,32.2113,73547,618.286,1
100,2,42,21,644,21,662,6,27,0.030487,109,-1,244.19,488082,-1,1
101,0,42,526,590,-1,-1,0,0,0.488708,3059,525.371,12.0285,27718,525.371,1
101,1,42,506,570,464,528,6,84,0.521338,3044,497.086,0.085248,52,497.086,1
101,2,42,486,550,453,526,6,91,0.33399,3032,468.8,0.106197,109,468.8,1
101,3,42,466,535,449,531,6,73,0.279289,2957,445.071,0.723073,1588,445.071,1
101,4,42,446,537,400,522,6,113,0.35011,2997,423.414,0.307191,270,423.414,1
101,5,42,426,529,390,522,6,104,0.218606,2173,400.1,0.116586,74,400.1,1
101,6,42,406,529,374,522,6,113,0.061595,496,380.1,0.105275,116,380.1,1
101,7,42,386,529,367,524,6,81,0.046997,382,361.757,0.267336,175,361.757,1
101,8,42,366,530,327,522,6,63,0.076232,498,340.514,0.18323,268,340.514,1
102,0,42,650,1124,-1,-1,0,0,7.43288,34400,1019.86,182.931,266374,1019.86,1
102,1,42,650,1104,656,1082,6,113,8.02812,34281,999.857,0.288135,104,999.857,1
102,2,42,662,1084,676,1061,6,76,5.01636,19827,1535.81,142.725,225943,1535.81,1
102,3,42,647,1064,601,1064,6,74,3.09716,19753,1514.57,1.75948,1648,1514.57,1
102,4,42,627,1064,614,1064,6,74,3.77752,19677,1494.57,0.353376,61,1494.57,1
102,5,42,607,1071,597,1069,6,73,3.44184,19604,1475.81,0.579266,154,1475.81,1
102,6,42,587,1068,552,1064,6,73,3.42694,19531,1452.91,0.554901,455,1452.91,1
102,7,42,567,1068,554,1070,6,72,3.89116,19459,1439.64,0.696333,311,1439.64,1
102,8,42,547,1072,520,1076,6,13,2.31303,15982,-1,40.9005,86103,-1,1
103,0,42,699,1063,-1,-1,0,0,2.01534,10823,431.8,14.5433,24035,431.8,1
103,1,42,679,1057,676,1034,6,24,2.16786,18869,959.786,102.314,175328,959.786,1
103,2,42,661,1064,638,1064,6,74,1.96854,18795,943.514,0.654155,1098,943.514,1
103,3,42,641,1070,621,1064,6,73,1.90097,18722,921.029,0.501351,169,921.029,1
103,4,42,621,1071,578,1064,6,74,2.70864,18648,900.614,0.2476,302,900.614,1
103,5,42,601,1071,576,1070,6,72,2.92479,18576,885.586,0.712934,680,885.586,1
103,6,42,581,1074,557,1064,6,74,3.69502,18502,864.343,0.182459,221,864.343,1
103,7,42,561,1071,527,1064,6,31,2.62345,16162,-1,184.46,374081,-1,1
104,0,42,26,313,-1,-1,0,0,21.0295,73754,812.071,15.061,31035,812.071,1
104,1,42,46,333,70,357,6,113,18.7598,69157,783.786,0.144127,62,783.786,1
104,2,42,63,353,83,379,6,113,18.7509,68102,760.843,2.48816,5208,760.843,1
104,3,42,76,373,109,414,6,113,16.9675,64692,736.629,1.54235,1215,736.629,1
104,4,42,88,393,120,416,6,111,15.6229,63702,715.757,2.17607,2903,715.757,1
104,5,42,102,413,123,437,6,113,19.8869,59858,689.957,0.151271,74,689.957,1
104,6,42,119,430,146,451,6,113,16.2065,55445,665.329,0.34991,589,665.329,1
104,7,42,139,444,184,480,6,113,16.4311,56065,643.629,0.904038,923,643.629,1
104,8,42,159,455,177,477,6,85,15.383,52675,620.243,0.486363,432,620.243,1
105,0,42,443,569,-1,-1,0,0,0.136293,366,395.657,8.44848,21900,395.657,1
105,1,42,423,589,406,606,6,113,0.126535,354,367.371,0.19374,62,367.371,1
105,2,42,412,609,385,636,6,113,0.151973,334,342.814,0.141643,62,342.814,1
105,3,42,392,629,372,658,6,113,0.055343,322,314.529,0.228975,153,314.529,1
105,4,42,381,649,378,659,6,69,0.129581,337,293.286,1.04013,1277,293.286,1
105,5,42,377,669,369,700,6,113,0.062196,420,268.314,0.256586,214,268.314,1
105,6,42,376,689,369,710,6,104,0.174824,282,247.9,0.184563,74,247.9,1
105,7,42,376,709,369,749,6,113,0.064991,431,227.9,0.28526,277,227.9,1
105,8,42,376,729,369,761,6,112,0.06972,310,207.9,0.180485,88,207.9,1
106,0,42,547,739,-1,-1,0,0,8.83397,35820,547.143,11.3523,25326,547.143,1
106,1,42,527,722,509,704,6,113,7.34216,33686,520.1,0.160007,62,520.1,1
106,2,42,515,702,501,687,6,113,5.58967,29079,495.129,0.127998,74,495.129,1
106,3,42,505,682,469,646,6,113,5.42163,25244,470.986,0.175596,62,470.986,1
106,4,42,485,662,450,618,6,113,4.54196,21533,442.7,0.159055,154,442.7,1
106,5,42,474,642,456,615,6,77,4.45863,18194,418.143,0.219498,128,418.143,1
106,6,42,463,622,422,572,6,113,2.87274,14404,393.586,0.244655,154,393.586,1
106,7,42,452,602,437,587,6,113,2.10725,12945,369.029,0.205862,62,369.029,1
106,8,42,441,582,410,551,6,113,1.99965,10788,344.471,0.116937,62,344.471,1
107,0,42,109,159,-1,-1,0,0,83.078,177408,1045.63,36.0336,86823,1045.63,1
107,1,42,129,179,149,199,6,113,63.5861,171430,1017.34,0.208317,62,1017.34,1
107,2,42,142,199,185,244,6,113,78.4698,165427,991.957,0.133688,85,991.957,1
107,3,42,160,219,191,259,6,113,56.7555,156261,964.5,0.481664,145,964.5,1
107,4,42,178,239,196,273,6,113,51.4919,144723,937.043,0.329682,140,937.043,1
107,5,42,184,259,193,279,6,77,51.5698,138559,914.557,0.198549,117,914.557,1
107,6,42,186,279,205,313,6,113,34.26,134243,893.729,0.154818,152,893.729,1
107,7,42,198,299,206,334,6,111,30.0884,126020,868.757,0.248702,191,868.757,1
107,8,42,199,319,206,356,6,113,29.0164,122561,848.343,0.209339,248,848.343,1
108,0,42,53,454,-1,-1,0,0,14.4018,81298,776.343,19.5884,62213,776.343,1
108,1,42,73,454,100,454,6,113,17.6505,78856,756.343,0.15109,61,756.343,1
108,2,42,93,456,117,461,6,113,16.5661,73566,735.514,0.136093,139,735.514,1
108,3,42,113,466,160,468,6,113,14.253,66029,711.371,0.207696,92,711.371,1
108,4,42,133,468,172,475,6,113,12.0646,59941,690.543,0.168282,132,690.543,1
108,5,42,153,470,192,490,6,113,11.0915,53098,669.714,0.214549,158,669.714,1
108,6,42,173,482,195,497,6,85,8.1657,45717,645.914,0.570601,446,645.914,1
108,7,42,191,502,226,522,6,80,8.51028,40735,624.257,1.27124,1941,624.257,1
108,8,42,211,516,244,522,6,63,6.04378,34292,598.457,0.241118,237,598.457,1
109,0,42,105,855,-1,-1,0,0,0.763658,4033,862.914,23.2443,70944,862.914,1
109,1,42,125,835,149,803,6,113,0.569498,3963,834.629,0.208177,109,834.629,1
109,2,42,142,815,148,795,6,89,0.474402,3876,808.414,1.02089,1160,808.414,1
109,3,42,141,795,149,779,6,113,0.397838,3762,788,0.156821,106,788,1
109,4,42,144,775,149,741,6,113,0.565921,3828,768.414,0.655587,1147,768.414,1
109,5,42,144,755,155,711,6,105,0.396456,3532,748.414,0.233474,226,748.414,1
109,6,42,146,735,148,723,6,87,0.423556,3434,730.071,1.08329,2368,730.071,1
109,7,42,147,715,186,671,6,113,0.355991,3294,705.514,0.216522,118,705.514,1
109,8,42,162,695,183,665,6,77,0.383562,3244,679.3,0.223806,113,679.3,1
110,0,42,121,390,-1,-1,0,0,0.222914,511,662.043,14.5821,45759,662.043,1
110,1,42,141,410,170,439,6,113,0.151081,499,633.757,0.110605,62,633.757,1
110,2,42,161,430,166,444,6,73,0.095808,531,607.129,0.728754,1757,607.129,1
110,3,42,163,450,187,474,6,113,0.054171,459,584.643,0.101388,62,584.643,1
110,4,42,180,470,187,483,6,97,0.076722,444,557.6,0.099194,104,557.6,1
110,5,42,185,490,209,514,6,113,0.073586,419,535.529,0.093444,62,535.529,1
110,6,42,202,510,235,549,6,113,0.092151,402,508.486,0.122378,132,508.486,1
110,7,42,216,530,233,556,6,81,0.070662,407,482.686,0.111607,110,482.686,1
110,8,42,226,550,248,580,6,113,0.072304,365,458.543,0.146242,154,458.543,1
111,0,42,552,804,-1,-1,0,0,17.8833,79607,669.114,18.7442,45755,669.114,1
111,1,42,533,784,520,771,6,113,17.3272,74735,641.243,0.229677,62,641.243,1
111,2,42,522,764,479,721,6,113,15.1267,68856,616.686,0.167972,62,616.686,1
111,3,42,502,744,489,731,6,113,16.0332,64681,588.4,0.226601,63,588.4,1
111,4,42,491,724,449,682,6,113,12.7467,60160,563.843,0.150089,62,563.843,1
111,5,42,471,704,461,694,6,113,11.36,55909,535.557,0.207966,62,535.557,1
111,6,42,460,684,422,646,6,113,10.9247,50063,511,0.142895,62,511,1
111,7,42,440,664,400,615,6,113,7.35252,43290,482.714,0.210961,154,482.714,1
111,8,42,428,644,408,623,6,110,6.69344,37248,457.743,0.099775,64,457.743,1
112,0,42,80,421,-1,-1,0,0,62.2703,288457,1079.96,26.019,67618,1079.96,1
112,1,42,100,441,149,490,6,113,58.774,282964,1051.67,0.284268,62,1051.67,1
112,2,42,120,461,135,476,6,113,48.5036,276068,1023.39,0.10194,62,1023.39,1
112,3,42,131,481,173,523,6,113,49.6883,268750,998.829,0.234365,62,998.829,1
112,4,42,151,501,190,549,6,113,45.2948,261687,970.543,0.18268,154,970.543,1
112,5,42,166,521,191,559,6,105,51.4123,254908,944.329,0.275983,113,944.329,1
112,6,42,182,541,192,569,6,105,54.2048,250853,922.386,2.46691,3378,922.386,1
112,7,42,185,561,206,592,6,113,54.4091,241592,901.729,0.685683,710,901.729,1
112,8,42,195,581,212,589,6,77,45.5479,238078,882.271,1.62617,2854,882.271,1
113,0,42,461,1080,-1,-1,0,0,0.176318,418,427.771,4.64312,10584,427.771,1
113,1,42,441,1060,435,1031,6,113,0.120834,529,400.314,0.488718,618,400.314,1
113,2,42,441,1040,435,993,6,113,0.08606,589,380.314,0.239445,358,380.314,1
113,3,42,442,1020,442,998,6,93,0.091469,703,365.7,2.51137,2521,365.7,1
113,4,42,433,1000,430,989,6,73,0.256156,404,346.7,0.778045,1741,346.7,1
113,5,42,429,981,435,967,6,113,0.056475,360,321.314,0.250155,147,321.314,1
113,6,42,432,961,435,923,6,113,0.139329,587,302.557,0.642133,599,302.557,1
113,7,42,432,941,435,902,6,113,0.081762,472,282.557,0.357945,316,282.557,1
113,8,42,428,921,429,899,6,77,0.133388,465,265.871,0.594003,615,265.871,1
114,0,42,43,986,-1,-1,0,0,14.0953,68116,922.143,79.6939,175842,922.143,1
114,1,42,63,968,94,968,6,113,13.091,64505,900.486,2.32573,5052,900.486,1
114,2,42,83,961,126,961,6,113,13.3042,61721,877.586,0.128228,61,877.586,1
114,3,42,103,961,139,968,6,113,12.2388,61259,863.386,2.49518,4301,863.386,1
114,4,42,123,954,134,954,6,107,12.3649,57799,846.286,1.28846,3155,846.286,1
114,5,42,143,947,179,947,6,93,11.6758,54476,823.386,0.200432,61,823.386,1
114,6,42,163,947,197,954,6,113,11.2113,51473,803.386,0.178932,154,803.386,1
114,7,42,183,954,207,961,6,113,10.5163,48982,780.486,0.288035,128,780.486,1
114,8,42,203,966,222,968,6,113,11.1655,47612,761.314,0.768277,406,761.314,1
115,0,42,377,89,-1,-1,0,0,13.4474,80829,1102.19,75.7765,176459,1102.19,1
115,1,42,397,100,428,100,6,61,12.9309,80768,1083.43,1.00438,798,1083.43,1
115,2,42,417,100,440,100,6,57,14.0033,80692,1063.43,0.149117,140,1063.43,1
115,3,42,437,93,465,100,6,49,14.223,80660,1096.67,4.15306,7520,1096.67,1
115,4,42,450,73,471,73,6,24,0.623097,4423,-1,223.561,401733,-1,1
116,0,42,422,923,-1,-1,0,0,27.9336,104644,689.286,9.18539,15876,689.286,1
116,1,42,433,903,433,863,6,113,29.5613,100330,670.529,2.30493,3719,670.529,1
116,2,42,440,883,440,848,6,113,28.3178,94016,647.629,0.129941,61,647.629,1
116,3,42,440,863,433,832,6,113,24.2566,91607,633.429,2.16503,3464,633.429,1
116,4,42,447,843,447,797,6,113,20.8055,85057,610.529,0.161329,61,610.529,1
116,5,42,447,823,440,796,6,79,19.3449,80421,590.529,0.285,125,590.529,1
116,6,42,438,803,433,768,6,113,18.2299,77317,572.6,1.14377,775,572.6,1
116,7,42,440,783,440,738,6,113,16.0999,69974,547.629,0.23705,61,547.629,1
116,8,42,440,763,437,744,6,77,16.8001,65636,530.114,0.345582,366,530.114,1
117,0,42,145,617,-1,-1,0,0,0.159537,478,322.086,7.16783,17032,322.086,1
117,1,42,125,637,112,650,6,113,0.100337,412,293.8,0.100797,62,293.8,1
117,2,42,114,657,88,683,6,113,0.056995,340,269.243,0.079578,53,269.243,1
117,3,42,95,677,92,688,6,73,0.044713,304,244.686,1.29854,1235,244.686,1
117,4,42,92,697,82,726,6,66,0.156651,283,220.129,0.143506,125,220.129,1
117,5,42,89,717,71,746,6,113,0.038151,202,198.886,0.181336,154,198.886,1
117,6,42,80,737,54,772,6,113,0.040635,176,175.157,0.178772,154,175.157,1
117,7,42,69,757,45,790,6,113,0.025397,156,150.6,0.173372,160,150.6,1
117,8,42,58,777,41,822,6,113,0.034524,254,126.043,0.201354,223,126.043,1
118,0,42,409,861,-1,-1,0,0,22.7226,99642,736.514,17.2514,37889,736.514,1
118,1,42,429,841,433,802,6,113,18.8464,92583,710.714,1.81386,1888,710.714,1
118,2,42,429,821,426,802,6,79,18.4403,88885,694.029,1.08179,2185,694.029,1
118,3,42,440,801,440,767,6,113,16.2568,81005,669.471,0.201634,61,669.471,1
118,4,42,440,781,434,770,6,77,15.3929,76844,655.271,1.97266,2961,655.271,1
118,5,42,447,761,447,740,6,113,12.4339,68616,632.371,0.184863,61,632.371,1
118,6,42,441,741,440,731,6,111,10.2867,60058,609.886,0.134811,75,609.886,1
118,7,42,433,721,433,674,6,113,9.47898,54290,592.371,1.14439,1185,592.371,1
118,8,42,440,701,440,651,6,113,8.03874,47184,569.471,0.124071,61,569.471,1
119,0,42,203,104,-1,-1,0,0,81.0411,282593,1347.31,70.505,176863,1347.31,1
119,1,42,223,124,224,158,6,63,84.1383,270296,1324,3.53745,4688,1324,1
119,2,42,223,144,224,173,6,63,84.4542,266575,1304,0.232081,184,1304,1
119,3,42,217,164,224,211,6,41,85.6238,267685,1289.8,2.8518,4115,1289.8,1
119,4,42,217,184,207,219,6,89,96.2042,266516,1275.6,3.91282,5907,1275.6,1
119,5,42,213,204,224,254,6,33,83.3149,262903,1253.94,0.997242,922,1253.94,1
119,6,42,203,224,207,240,6,113,75.3123,259659,1229.8,0.310997,237,1229.8,1
119,7,42,202,244,224,284,6,63,57.8565,255119,1207.73,0.273257,169,1207.73,1
119,8,42,208,264,224,314,6,52,48.8243,250007,1188.56,0.972847,542,1188.56,1
120,0,42,50,270,-1,-1,0,0,5.28246,36258,853.271,23.6336,63169,853.271,1
120,1,42,70,290,89,309,6,113,4.75003,31190,824.986,0.142314,62,824.986,1
120,2,42,83,310,115,344,6,113,6.66448,26109,799.6,0.110526,85,799.6,1
120,3,42,101,330,136,374,6,113,4.00637,21884,772.143,0.244474,154,772.143,1
120,4,42,112,350,134,381,6,81,3.45958,17530,747.586,0.168012,110,747.586,1
120,5,42,127,370,128,384,6,77,2.66149,14643,726.343,2.70039,4536,726.343,1
120,6,42,125,390,144,409,6,113,2.48576,10302,702.2,0.115374,62,702.2,1
120,7,42,138,410,147,421,6,113,1.62417,7335,676.814,0.361522,84,676.814,1
120,8,42,147,430,164,447,6,113,1.17459,5225,653.671,0.257348,148,653.671,1
121,0,42,28,217,-1,-1,0,0,27.0902,137016,947.571,44.3562,117068,947.571,1
121,1,42,48,237,90,279,6,113,26.7074,134340,919.286,0.19937,62,919.286,1
121,2,42,68,257,80,269,6,113,24.1197,129371,891,0.164325,63,891,1
121,3,42,79,277,114,312,6,113,22.8688,123278,866.443,0.16688,62,866.443,1
121,4,42,99,297,139,346,6,113,20.4272,116644,838.157,0.148956,154,838.157,1
121,5,42,110,317,128,335,6,113,19.2509,109846,813.6,0.25836,62,813.6,1
121,6,42,122,337,167,383,6,113,20.4101,103032,788.629,0.216562,74,788.629,1
121,7,42,141,357,163,388,6,73,17.846,94140,760.757,0.19428,116,760.757,1
121,8,42,156,377,191,425,6,113,17.0589,84946,734.543,0.181607,154,734.543,1
122,0,42,204,462,-1,-1,0,0,0.216301,424,505.443,11.9127,31701,505.443,1
122,1,42,224,482,224,512,6,39,0.158565,580,483.786,2.6352,5727,483.786,1
122,2,42,224,502,242,540,6,113,0.215771,428,463.786,0.322129,229,463.786,1
122,3,42,224,522,265,572,6,113,0.068717,380,437.157,0.186096,154,437.157,1
122,4,42,236,542,251,558,6,113,0.047649,352,412.186,0.158865,74,412.186,1
122,5,42,246,562,292,608,6,113,0.059601,332,388.043,0.112259,62,388.043,1
122,6,42,266,582,300,625,6,113,0.055363,320,359.757,0.146081,152,359.757,1
122,7,42,285,602,296,630,6,73,0.050895,340,331.886,0.114051,130,331.886,1
122,8,42,289,622,298,641,6,111,0.043901,283,310.229,0.118901,120,310.229,1
123,0,42,358,1024,-1,-1,0,0,0.740255,3797,932.657,13.517,35768,932.657,1
123,1,42,338,1004,321,975,6,113,0.725206,3784,904.371,0.177549,137,904.371,1
123,2,42,328,984,321,938,6,63,0.392348,3379,880.229,0.199711,263,880.229,1
123,3,42,328,964,328,953,6,113,0.340903,3291,866.029,3.99771,7390,866.029,1
123,4,42,324,944,321,895,6,52,0.848256,5385,853.486,8.72098,17878,853.486,1
123,5,42,328,924,329,880,6,112,0.571431,4955,831.829,0.184223,69,831.829,1
123,6,42,328,904,341,859,6,105,0.772435,4619,816.8,2.05944,3109,816.8,1
123,7,42,334,884,336,873,6,87,0.411474,4046,794.314,0.136774,67,794.314,1
123,8,42,345,864,341,821,6,113,0.467028,3933,769.757,0.456929,485,769.757,1
124,0,42,417,94,-1,-1,0,0,2.13382,10340,577.957,27.6945,72152,577.957,1
124,1,42,437,100,451,100,6,63,1.43739,9994,561.271,0.460014,475,561.271,1
124,2,42,457,97,471,124,6,36,1.28405,9679,596.329,2.83776,7084,596.329,1
124,3,42,477,100,509,115,6,24,0.319002,4757,-1,206.83,504617,-1,1
125,0,42,667,71,-1,-1,0,0,12.749,57632,1137.67,63.8583,159421,1137.67,1
125,1,42,647,91,628,120,6,74,11.0381,48404,1109.39,0.308313,123,1109.39,1
125,2,42,635,111,628,142,6,69,8.94803,42356,1084.41,0.154436,159,1084.41,1
125,3,42,635,131,627,165,6,63,9.08808,40428,1064.41,0.308092,161,1064.41,1
125,4,42,634,151,624,198,6,113,7.85931,38402,1044,0.184262,209,1044,1
125,5,42,631,171,624,214,6,113,8.20344,35917,1022.76,0.315717,116,1022.76,1
125,6,42,631,191,624,224,6,104,7.21324,34284,1002.76,0.088334,74,1002.76,1
125,7,42,631,211,624,235,6,111,6.80714,32636,982.757,0.188209,81,982.757,1
125,8,42,631,231,624,268,6,113,5.97967,30816,962.757,0.181517,235,962.757,1
126,0,42,531,635,-1,-1,0,0,0.284628,375,410.457,8.94923,23149,410.457,1
126,1,42,511,655,491,675,6,113,0.104914,363,382.171,0.139809,62,382.171,1
126,2,42,498,675,460,715,6,113,0.046326,343,356.786,0.104534,85,356.786,1
126,3,42,480,695,443,741,6,113,0.037029,331,329.329,0.103001,116,329.329,1
126,4,42,467,715,447,746,6,73,0.038542,345,303.943,0.091229,120,303.943,1
126,5,42,454,735,443,777,6,113,0.042729,417,278.557,0.146472,216,278.557,1
126,6,42,450,755,443,800,6,113,0.046988,446,256.9,0.133798,165,256.9,1
126,7,42,450,775,443,811,6,111,0.034314,345,236.9,0.08083,81,236.9,1
126,8,42,450,795,448,815,6,73,0.041648,306,221.043,0.815375,1250,221.043,1
127,0,42,124,1029,-1,-1,0,0,28.4607,128711,785.157,16.4856,46799,785.157,1
127,1,42,144,1029,189,1029,6,113,26.4432,124674,765.157,0.148887,61,765.157,1
127,2,42,164,1029,193,1022,6,89,26.7436,120615,745.157,0.148586,118,745.157,1
127,3,42,184,1022,195,1015,6,81,23.7803,116381,725.186,1.17073,2050,725.186,1
127,4,42,199,1008,245,1008,6,113,23.1007,111787,701.457,0.234746,61,701.457,1
127,5,42,219,1008,262,1001,6,113,20.4875,107749,681.457,0.206945,152,681.457,1
127,6,42,239,1005,249,1001,6,89,19.3048,103518,661.971,0.157482,125,661.971,1
127,7,42,256,994,271,994,6,111,19.5092,98220,638.657,0.203669,61,638.657,1
127,8,42,276,987,319,987,6,113,17.5465,93643,615.757,0.101068,61,615.757,1
128,0,42,483,381,-1,-1,0,0,5.34779,30869,500.314,20.5515,50273,500.314,1
128,1,42,463,401,428,406,6,63,3.99199,26561,473.686,0.605324,849,473.686,1
128,2,42,443,401,433,401,6,74,3.20898,22308,457.829,0.534582,872,457.829,1
128,3,42,423,402,391,406,6,63,2.8795,19398,434.1,0.315405,384,434.1,1
128,4,42,403,402,360,406,6,53,2.71486,18201,417.271,0.53308,650,417.271,1
128,5,42,383,399,354,415,6,61,2.43446,17553,401,0.605655,665,401,1
128,6,42,363,399,349,409,6,83,2.14087,16728,389.829,0.708426,1321,389.829,1
128,7,42,343,406,347,420,6,49,2.04787,17995,424.786,6.93686,13548,424.786,1
128,8,42,323,407,315,422,6,26,5.57697,44450,782.214,61.3163,142315,782.214,1
129,0,42,734,202,-1,-1,0,0,38.069,180249,1076.41,60.2744,140177,1076.41,1
129,1,42,714,222,702,234,6,113,37.5175,176988,1048.13,0.230158,62,1048.13,1
129,2,42,694,233,646,281,6,113,40.0957,175085,1027.67,1.4267,2072,1027.67,1
129,3,42,674,253,652,274,6,99,37.4915,171621,999.971,0.576541,584,999.971,1
129,4,42,654,267,638,279,6,90,38.5243,169106,979.443,1.70481,2437,979.443,1
129,5,42,634,274,601,313,6,113,38.7319,166358,956.543,0.310667,132,956.543,1
129,6,42,620,294,588,335,6,113,39.2163,163114,934.843,1.31972,1247,934.843,1
129,7,42,607,314,597,326,6,113,34.2355,158685,909.457,0.221952,115,909.457,1
129,8,42,598,334,559,373,6,113,32.8822,154560,886.9,0.541506,666,886.9,1
130,0,42,456,553,-1,-1,0,0,32.8104,150979,767.529,23.9522,64702,767.529,1
130,1,42,436,573,391,618,6,113,28.7277,143568,739.243,0.21551,62,739.243,1
130,2,42,416,593,375,643,6,113,26.13,134069,710.957,0.158484,154,710.957,1
130,3,42,398,613,365,662,6,113,18.7476,123248,683.5,0.19391,155,683.5,1
130,4,42,385,633,366,670,6,89,19.0681,113184,658.114,0.106497,116,658.114,1
130,5,42,374,653,343,702,6,113,17.6723,103124,633.557,0.230348,154,633.557,1
130,6,42,372,673,350,701,6,79,16.73,93105,612.729,0.095107,101,612.729,1
130,7,42,357,693,327,733,6,106,14.3848,83756,586.514,0.342767,184,586.514,1
130,8,42,347,713,321,749,6,56,12.325,70664,562.371,0.116497,110,562.371,1
131,0,42,101,694,-1,-1,0,0,8.99036,52866,504.757,14.4342,34876,504.757,1
131,1,42,121,696,162,696,6,113,8.22574,50178,489.729,2.04619,3884,489.729,1
131,2,42,141,703,161,703,6,79,6.82224,46285,472.629,1.03282,2337,472.629,1
131,3,42,161,710,199,710,6,113,5.66917,39676,449.729,0.138387,61,449.729,1
131,4,42,181,710,191,709,6,89,5.13904,33817,429.729,0.121856,59,429.729,1
131,5,42,201,702,229,702,6,113,4.98502,26888,407.243,0.486073,387,407.243,1
131,6,42,221,701,237,696,6,104,3.74135,23421,391.8,0.340132,292,391.8,1
131,7,42,241,691,262,696,6,113,2.48326,14869,367.657,0.386959,258,367.657,1
131,8,42,261,690,290,696,6,113,1.05473,6049,347.243,0.209249,267,347.243,1
132,0,42,353,997,-1,-1,0,0,4.79342,29072,539.057,24.5095,64780,539.057,1
132,1,42,333,977,321,935,6,63,3.07369,21385,510.771,0.267137,263,510.771,1
132,2,42,328,957,321,914,6,62,3.28752,19334,500.3,3.43629,6263,500.3,1
132,3,42,328,937,328,899,6,106,1.99391,14255,480.3,0.157693,73,480.3,1
132,4,42,328,917,335,895,6,89,1.43718,11796,460.3,0.162872,118,460.3,1
132,5,42,341,897,342,878,6,113,1.63442,11260,440.714,0.719857,541,440.714,1
132,6,42,335,877,341,833,6,113,1.37004,9150,422.371,0.679071,1040,422.371,1
132,7,42,341,857,341,844,6,90,1.04286,7876,399.886,0.178262,59,399.886,1
132,8,42,348,837,341,796,6,113,1.00731,6488,376.986,0.266415,263,376.986,1
133,0,42,214,1013,-1,-1,0,0,4.366,28785,1141.16,77.8026,212608,1141.16,1
133,1,42,234,993,261,968,6,113,2.718,20583,1112.87,0.212655,67,1112.87,1
133,2,42,254,975,293,968,6,113,1.66921,13335,1085.41,0.195493,228,1085.41,1
133,3,42,274,975,321,966,6,80,1.33257,10225,1075.9,1.26115,1371,1075.9,1
133,4,42,294,974,321,955,6,61,1.28432,5459,1055.49,0.171238,134,1055.49,1
133,5,42,314,973,328,955,6,79,0.33395,2683,1040.87,0.484761,334,1040.87,1
133,6,42,330,962,321,917,6,63,0.162462,1097,1017.97,0.316497,461,1017.97,1
133,7,42,328,942,321,906,6,52,0.402307,3139,1004.6,0.608069,986,1004.6,1
133,8,42,328,922,336,873,6,97,0.517752,2690,985.429,0.749482,1171,985.429,1
134,0,42,180,871,-1,-1,0,0,0.292043,1511,642.386,3.77227,7391,642.386,1
134,1,42,177,851,177,840,6,113,0.266334,1205,625.043,1.20369,3455,625.043,1
134,2,42,167,831,167,786,6,51,0.224897,1050,605.286,1.4117,3510,605.286,1
134,3,42,167,811,177,775,6,68,0.184212,1039,591.086,2.73932,5795,591.086,1
134,4,42,171,791,177,752,6,70,0.196555,787,569.429,0.258881,340,569.429,1
134,5,42,184,771,180,746,6,72,0.087612,689,546.529,0.803453,1737,546.529,1
134,6,42,184,751,169,718,6,71,0.071663,545,526.529,0.16719,197,526.529,1
134,7,42,177,731,167,686,6,113,0.068678,660,501.143,0.187949,222,501.143,1
134,8,42,174,711,172,682,6,73,0.106026,782,484.043,0.470924,436,484.043,1
135,0,42,370,634,-1,-1,0,0,5.67064,33560,683.371,22.7327,55654,683.371,1
135,1,42,390,614,407,597,6,113,4.04734,27946,655.086,0.17271,62,655.086,1
135,2,42,401,594,419,576,6,113,3.78916,22410,630.529,0.129671,62,630.529,1
135,3,42,413,574,433,529,6,113,2.72812,17206,605.557,0.239144,228,605.557,1
135,4,42,426,554,426,541,6,113,1.95638,13761,585.971,0.940397,1613,585.971,1
135,5,42,440,534,443,501,6,24,2.77763,25502,672.386,9.87456,21588,672.386,1
135,6,42,427,514,411,499,6,104,2.63215,20575,650.514,0.671146,761,650.514,1
135,7,42,407,504,387,463,6,113,1.70818,15876,626.371,0.310256,230,626.371,1
135,8,42,399,484,380,456,6,103,1.33953,10433,603.057,0.1021,69,603.057,1
136,0,42,596,20,-1,-1,0,0,15.8119,66825,1106.73,65.4808,159528,1106.73,1
136,1,42,616,21,628,26,6,76,5.55378,33745,1203.49,52.0538,107845,1203.49,1
136,2,42,596,20,574,20,6,24,0.012764,101,-1,143.928,322429,-1,1
137,0,42,25,1065,-1,-1,0,0,43.204,181612,1246.87,106.944,238054,1246.87,1
137,1,42,36,1076,78,1034,6,113,45.3244,181006,1222.73,0.256747,62,1222.73,1
137,2,42,56,1056,84,1037,6,77,43.5076,179129,1194.44,0.116226,113,1194.44,1
137,3,42,76,1044,105,1025,6,113,40.6694,176193,1169.47,0.387299,154,1169.47,1
137,4,42,96,1034,106,1031,6,69,36.752,173376,1148.64,0.188681,130,1148.64,1
137,5,42,116,1030,130,1016,6,113,41.5915,169547,1123.67,0.238263,62,1123.67,1
137,6,42,136,1019,170,985,6,113,39.6417,164586,1099.11,0.112359,62,1099.11,1
137,7,42,156,999,171,991,6,69,36.6672,156665,1070.83,0.315186,102,1070.83,1
137,8,42,176,995,210,968,6,113,32.9358,151618,1049.17,0.167141,102,1049.17,1
138,0,42,337,652,-1,-1,0,0,0.41978,390,463.571,5.75785,16027,463.571,1
138,1,42,317,632,287,602,6,113,0.121977,378,435.286,0.090148,62,435.286,1
138,2,42,297,612,290,596,6,77,0.058398,400,407,0.104454,113,407,1
138,3,42,295,592,283,580,6,113,0.415392,3163,391.443,1.24832,2598,391.443,1
138,4,42,284,572,248,536,6,113,0.325405,2106,366.886,0.08642,62,366.886,1
138,5,42,264,552,231,528,6,113,0.213306,1431,343.871,1.27497,2343,343.871,1
138,6,42,244,541,221,527,6,105,0.152924,678,324.586,0.498076,585,324.586,1
138,7,42,224,534,203,518,6,113,0.042209,299,301.686,0.101018,75,301.686,1
138,8,42,210,519,179,485,6,113,0.038171,265,277.957,0.143227,96,277.957,1
139,0,42,56,794,-1,-1,0,0,8.84564,61802,768.629,61.5454,139626,768.629,1
139,1,42,76,794,110,760,6,113,9.01658,61191,753.9,2.10067,4240,753.9,1
139,2,42,96,783,135,744,6,113,9.76002,60750,729.343,0.127627,62,729.343,1
139,3,42,116,763,129,742,6,72,9.73967,60723,705.743,1.33629,2180,705.743,1
139,4,42,122,743,155,717,6,73,9.33693,60555,683.257,0.225148,337,683.257,1
139,5,42,139,724,177,710,6,113,10.6636,59095,656.629,0.244865,183,656.629,1
139,6,42,159,710,200,703,6,113,9.2904,52031,630.829,0.168804,154,630.829,1
139,7,42,179,703,224,696,6,113,8.33404,45046,613.729,1.10068,1160,613.729,1
139,8,42,199,710,248,710,6,113,6.34583,33701,590.829,0.095938,61,590.829,1
140,0,42,31,845,-1,-1,0,0,9.4012,54800,555.271,27.9138,70719,555.271,1
140,1,42,51,825,65,811,6,113,8.75855,54844,528.743,1.07211,1544,528.743,1
140,2,42,62,805,77,793,6,113,9.30507,54701,507.7,0.611707,813,507.7,1
140,3,42,76,787,95,775,6,113,9.69341,54091,483.9,0.246558,224,483.9,1
140,4,42,94,769,108,762,6,113,8.85562,51142,458.443,0.189722,159,458.443,1
140,5,42,112,755,162,717,6,68,7.00724,44703,434.057,0.252549,321,434.057,1
140,6,42,132,735,164,710,6,81,5.72319,36979,406.357,0.154677,232,406.357,1
140,7,42,151,715,165,703,6,79,4.67647,29385,382,0.803994,238,382,1
140,8,42,164,697,174,696,6,111,3.98216,23918,363.243,0.356443,320,363.243,1
141,0,42,391,563,-1,-1,0,0,4.40617,27741,447.657,8.1786,21147,447.657,1
141,1,42,391,543,391,505,6,113,3.4982,23440,427.657,0.162452,61,427.657,1
141,2,42,391,523,384,499,6,99,3.30862,19506,408.243,0.422445,575,408.243,1
141,3,42,379,503,359,483,6,26,2.19605,15375,384.343,0.367843,347,384.343,1
141,4,42,379,483,366,445,6,28,2.76259,21124,469.114,5.3167,14260,469.114,1
141,5,42,399,490,409,499,6,106,2.71402,20032,454.214,0.803593,649,454.214,1
141,6,42,411,505,459,501,6,25,48.0124,367193,1406.24,28.1742,83351,1406.24,1
141,7,42,391,512,368,502,6,97,46.1958,362699,1383.34,0.39293,137,1383.34,1
141,8,42,371,509,359,502,6,62,46.8536,356012,1362.69,0.185264,106,1362.69,1
142,0,42,405,623,-1,-1,0,0,19.1251,98785,657.9,19.5362,52853,657.9,1
142,1,42,385,643,361,667,6,113,18.9746,89692,629.614,0.152614,62,629.614,1
142,2,42,368,663,361,676,6,97,14.8325,79318,602.571,0.104584,104,602.571,1
142,3,42,363,683,352,694,6,113,11.9073,69968,580.5,0.172461,62,580.5,1
142,4,42,352,703,321,746,6,59,8.05045,46843,555.943,0.168022,137,555.943,1
142,5,42,332,723,328,736,6,110,5.52827,36193,530.143,0.939586,1110,530.143,1
142,6,42,330,743,321,767,6,58,2.17761,15327,516.771,1.51206,3538,516.771,1
142,7,42,330,763,341,789,6,113,1.56424,13364,501.743,1.1928,2219,501.743,1
142,8,42,344,783,342,806,6,113,1.29652,11605,476.771,0.420201,319,476.771,1
143,0,42,156,48,-1,-1,0,0,0.231731,736,745.357,8.60398,18399,745.357,1
143,1,42,136,68,131,82,6,113,0.30631,770,718.729,1.28873,1549,718.729,1
143,2,42,134,88,131,137,6,113,0.284659,1083,699.557,1.32996,1958,699.557,1
143,3,42,134,108,133,144,6,81,0.152203,1001,681.214,1.10024,1749,681.214,1
143,4,42,134,128,139,143,6,68,0.232532,771,663.8,1.26236,2123,663.8,1
143,5,42,127,145,131,183,6,113,0.176448,875,642.143,0.430791,514,642.143,1
143,6,42,127,165,131,211,6,113,0.114012,846,622.143,0.311449,372,622.143,1
143,7,42,124,185,124,196,6,113,0.123359,795,606.7,1.85879,3244,606.7,1
143,8,42,128,205,131,239,6,113,0.212165,718,582.557,0.374696,421,582.557,1
144,0,42,733,720,-1,-1,0,0,10.3512,51611,540.414,8.18741,19008,540.414,1
144,1,42,713,740,704,785,6,113,10.3543,51118,512.129,0.378343,305,512.129,1
144,2,42,711,760,704,808,6,113,8.88898,48707,491.3,0.180716,165,491.3,1
144,3,42,711,780,704,819,6,111,8.30553,44018,471.3,0.130513,81,471.3,1
144,4,42,711,800,704,835,6,98,8.54024,52632,499.386,3.37699,7601,499.386,1
144,5,42,691,812,669,840,6,24,21.4096,140951,768.471,13.0427,34916,768.471,1
144,6,42,708,830,749,839,6,51,18.076,140322,799.4,3.35747,8346,799.4,1
144,7,42,688,828,665,828,6,62,20.3084,140260,778.571,0.15065,61,778.571,1
144,8,42,668,822,633,821,6,112,21.8544,140148,756.086,0.138167,75,756.086,1
145,0,42,62,771,-1,-1,0,0,0.70479,6746,398.486,5.44829,13387,398.486,1
145,1,42,82,751,125,708,6,113,0.482607,4883,370.2,0.131995,62,370.2,1
145,2,42,102,731,144,698,6,113,0.285571,3493,341.914,0.122006,143,341.914,1
145,3,42,122,715,150,701,6,77,0.213847,2591,315.286,0.107279,130,315.286,1
145,4,42,142,708,171,697,6,113,0.164065,1641,292.386,0.12354,168,292.386,1
145,5,42,162,704,198,697,6,113,0.119512,1064,270.729,0.191555,220,270.729,1
145,6,42,182,704,193,704,6,93,0.063728,485,255.7,0.838007,1615,255.7,1
145,7,42,202,692,233,696,6,113,0.062066,508,231.557,0.364377,652,231.557,1
145,8,42,222,692,238,692,6,73,0.068738,387,214.871,0.48997,958,214.871,1
146,0,42,125,559,-1,-1,0,0,16.0672,70395,640.857,16.8509,44753,640.857,1
146,1,42,145,579,163,597,6,113,13.8199,61258,612.571,0.124432,62,612.571,1
146,2,42,165,591,188,613,6,113,10.9059,54355,587.6,0.110435,74,587.6,1
146,3,42,185,606,235,651,6,113,11.2748,47076,561.386,0.196115,118,561.386,1
146,4,42,205,621,234,644,6,79,8.26605,40800,535.171,0.099284,101,535.171,1
146,5,42,225,637,248,649,6,113,6.76814,34065,508.543,0.199491,139,508.543,1
146,6,42,245,642,285,677,6,113,5.80488,30860,486.471,0.127097,118,486.471,1
146,7,42,265,657,282,670,6,85,5.13364,25719,460.257,0.123139,84,460.257,1
146,8,42,285,664,330,708,6,113,4.22776,22476,437.357,0.121246,74,437.357,1
147,0,42,563,763,-1,-1,0,0,7.72614,43795,590.9,12.8301,32046,590.9,1
147,1,42,543,743,493,693,6,113,7.96761,40814,562.614,0.154858,62,562.614,1
147,2,42,523,723,491,699,6,72,6.83077,38141,534.329,0.139069,114,534.329,1
147,3,42,503,706,454,671,6,113,6.27784,34305,507.286,0.205231,154,507.286,1
147,4,42,483,700,453,677,6,69,4.85378,29623,484.8,0.104354,102,484.8,1
147,5,42,463,684,427,660,6,113,5.1829,26180,458.171,0.194882,154,458.171,1
147,6,42,443,676,430,667,6,85,3.94823,22169,434.857,0.087212,84,434.857,1
147,7,42,423,669,405,651,6,113,3.28298,18317,411.957,0.253992,62,411.957,1
147,8,42,403,657,377,632,6,113,2.65066,15328,386.986,0.129461,74,386.986,1
148,0,42,24,237,-1,-1,0,0,43.3854,180055,977.843,30.7755,75509,977.843,1
148,1,42,32,257,60,285,6,113,49.1336,177462,954.529,0.502344,62,954.529,1
148,2,42,52,277,60,294,6,97,45.5283,174000,926.243,0.184263,108,926.243,1
148,3,42,54,297,99,342,6,113,42.7811,169639,905.414,0.314314,62,905.414,1
148,4,42,74,317,114,366,6,113,37.2906,166226,877.129,0.177961,154,877.129,1
148,5,42,92,337,115,376,6,105,39.9093,161980,849.671,0.310096,113,849.671,1
148,6,42,105,357,114,384,6,89,37.4934,157742,824.286,0.162392,112,824.286,1
148,7,42,107,377,138,417,6,113,38.5051,153286,803.457,0.282956,154,803.457,1
148,8,42,118,397,153,441,6,113,38.1833,148901,778.9,0.165307,154,778.9,1
149,0,42,165,448,-1,-1,0,0,0.505138,3407,370.971,5.59988,12071,370.971,1
149,1,42,185,468,220,503,6,100,0.342416,1902,343.271,0.393101,956,343.271,1
149,2,42,205,488,234,532,6,113,0.106428,820,314.986,0.084157,77,314.986,1
149,3,42,216,508,250,539,6,113,0.037149,304,290.429,0.21517,200,290.429,1
149,4,42,230,525,249,532,6,79,0.040365,299,265.871,0.120915,115,265.871,1
149,5,42,250,526,265,539,6,113,0.026569,247,245.457,0.100797,85,245.457,1
149,6,42,270,535,311,544,6,113,0.062606,436,221.729,0.192337,277,221.729,1
149,7,42,290,537,329,544,6,113,0.033472,348,200.9,0.118831,130,200.9,1
149,8,42,310,537,336,542,6,81,0.035185,272,182.557,0.210381,217,182.557,1
150,0,42,140,738,-1,-1,0,0,0.141402,316,322.057,5.96453,12058,322.057,1
150,1,42,151,718,186,669,6,113,0.102681,357,297.5,0.17207,151,297.5,1
150,2,42,168,698,180,667,6,72,0.057387,443,270.457,0.171739,180,270.457,1
150,3,42,173,678,177,661,6,77,0.051796,317,250.871,0.567505,906,250.871,1
150,4,42,171,658,186,632,6,113,0.038322,294,229.214,0.185975,130,229.214,1
150,5,42,179,638,186,593,6,113,0.039504,415,205.9,0.207415,277,205.9,1
150,6,42,179,618,179,606,6,113,0.067215,414,191.7,0.64579,1052,191.7,1
150,7,42,190,598,186,568,6,113,0.031108,275,167.143,0.254964,333,167.143,1
150,8,42,193,578,186,551,6,113,0.027131,213,145.9,0.144378,123,145.9,1
151,0,42,193,113,-1,-1,0,0,0.214178,580,643.629,10.9061,25450,643.629,1
151,1,42,213,133,224,164,6,63,0.240087,693,615.343,0.315697,193,615.343,1
151,2,42,217,153,224,186,6,50,0.168644,745,596.171,1.29117,1849,596.171,1
151,3,42,217,173,222,197,6,83,0.08105,616,576.171,0.143697,143,576.171,1
151,4,42,215,193,224,230,6,63,0.148736,711,559.486,0.94168,2009,559.486,1
151,5,42,223,213,224,247,6,61,0.117048,856,544.457,2.21638,4717,544.457,1
151,6,42,217,233,214,246,6,104,0.138277,609,521.971,0.088474,79,521.971,1
151,7,42,207,253,213,269,6,105,0.068427,460,498.657,0.317059,156,498.657,1
151,8,42,208,273,224,309,6,50,0.217854,1307,480.729,0.474611,553,480.729,1
152,0,42,202,1002,-1,-1,0,0,4.77295,31633,473.471,25.817,67388,473.471,1
152,1,42,222,982,263,968,6,113,3.63269,24903,445.186,0.259783,242,445.186,1
152,2,42,242,975,276,968,6,113,3.19918,20602,422.286,0.093935,95,422.286,1
152,3,42,262,975,277,974,6,69,3.24036,18107,407.257,0.876138,793,407.257,1
152,4,42,282,978,308,968,6,94,2.45599,14891,383.529,0.147996,165,383.529,1
152,5,42,302,975,321,937,6,63,2.23364,13909,368.086,0.665487,730,368.086,1
152,6,42,321,966,321,947,6,57,1.89301,10814,344.771,0.06977,53,344.771,1
152,7,42,328,946,321,918,6,63,1.32784,8416,321.871,0.165768,137,321.871,1
152,8,42,328,926,321,907,6,53,1.61893,9773,313.471,0.411946,466,313.471,1
153,0,42,185,1032,-1,-1,0,0,5.79532,37595,821.814,67.5894,154777,821.814,1
153,1,42,205,1012,236,981,6,113,4.36488,29410,793.529,0.185505,62,793.529,1
153,2,42,225,992,253,973,6,113,2.83568,21376,765.243,0.149097,165,765.243,1
153,3,42,245,981,268,968,6,113,1.9687,15173,740.686,0.24751,104,740.686,1
153,4,42,265,975,302,968,6,113,1.31388,9928,718.2,0.163484,242,718.2,1
153,5,42,285,975,321,960,6,63,0.951639,6319,705.171,1.15834,784,705.171,1
153,6,42,305,974,320,968,6,73,0.534794,3147,689.686,0.244936,309,689.686,1
153,7,42,325,972,321,945,6,63,0.120264,634,668.029,0.177049,173,668.029,1
153,8,42,328,952,321,924,6,63,0.102511,654,646.786,0.136403,151,646.786,1
154,0,42,194,686,-1,-1,0,0,6.25459,33167,607.5,33.7834,70851,607.5,1
154,1,42,214,696,252,696,6,113,4.79117,27678,589.157,1.93746,3189,589.157,1
154,2,42,234,703,254,703,6,81,4.83751,24121,572.057,1.29071,2425,572.057,1
154,3,42,254,710,270,703,6,62,3.5575,18087,550.329,0.566973,508,550.329,1
154,4,42,272,696,296,696,6,113,0.432504,1766,531.157,0.579477,502,531.157,1
154,5,42,292,691,308,696,6,95,0.100877,704,509.086,0.181367,152,509.086,1
154,6,42,312,691,337,715,6,113,0.0858,438,487.429,0.099785,62,487.429,1
154,7,42,330,710,334,721,6,77,0.085459,422,462.871,0.1828,152,462.871,1
154,8,42,334,730,368,764,6,113,0.082203,386,438.729,0.126696,62,438.729,1
155,0,42,520,623,-1,-1,0,0,0.30673,291,351.314,9.23402,21307,351.314,1
155,1,42,500,643,456,687,6,113,0.117749,279,323.029,0.101419,62,323.029,1
155,2,42,480,663,451,701,6,113,0.051456,267,294.743,0.160759,140,294.743,1
155,3,42,463,683,435,726,6,113,0.051105,250,267.7,0.190003,154,267.7,1
155,4,42,457,703,439,731,6,73,0.04809,261,245.214,0.120003,120,245.214,1
155,5,42,446,723,423,756,6,113,0.066554,210,220.657,0.194351,154,220.657,1
155,6,42,436,743,400,788,6,113,0.027281,187,196.514,0.127918,154,196.514,1
155,7,42,425,763,389,808,6,113,0.018775,167,171.957,0.125343,154,171.957,1
155,8,42,407,783,391,815,6,81,0.021099,171,144.5,0.088655,124,144.5,1
156,0,42,161,630,-1,-1,0,0,0.21561,731,621.657,13.2477,38706,621.657,1
156,1,42,141,610,120,589,6,113,0.174514,692,593.371,0.122648,62,593.371,1
156,2,42,127,590,90,540,6,113,0.178071,679,567.571,0.276413,144,567.571,1
156,3,42,110,570,98,558,6,113,0.071172,606,540.529,0.113251,56,540.529,1
156,4,42,99,550,94,535,6,73,0.124922,591,517.629,1.20106,1250,517.629,1
156,5,42,98,530,87,499,6,105,0.103111,613,495.557,0.194782,160,495.557,1
156,6,42,94,510,88,491,6,88,0.1777,505,474.729,0.267838,123,474.729,1
156,7,42,94,490,87,442,6,113,0.085038,718,453.9,0.292744,337,453.9,1
156,8,42,94,470,94,458,6,113,0.179954,698,439.7,1.4062,2471,439.7,1
157,0,42,30,747,-1,-1,0,0,0.357435,1367,532.429,11.6798,30248,532.429,1
157,1,42,50,731,78,731,6,70,0.228846,969,515.114,2.18992,4865,515.114,1
157,2,42,70,732,87,731,6,97,0.218215,674,499.971,0.41958,389,499.971,1
157,3,42,90,737,95,689,6,113,0.219568,907,482.043,0.680535,893,482.043,1
157,4,42,94,717,94,704,6,113,0.104945,601,461.214,0.191586,243,461.214,1
157,5,42,101,697,95,675,6,113,0.057898,476,438.314,0.203899,142,438.314,1
157,6,42,102,677,95,663,6,112,0.055924,437,417.9,0.135903,88,417.9,1
157,7,42,98,657,95,627,6,113,0.076091,612,399.557,0.495491,479,399.557,1
157,8,42,98,637,95,604,6,113,0.10736,511,379.557,0.329753,346,379.557,1
158,0,42,32,803,-1,-1,0,0,0.196114,340,373.8,4.91061,10166,373.8,1
158,1,42,52,783,102,733,6,113,0.142976,328,345.514,0.087212,62,345.514,1
158,2,42,72,763,95,734,6,79,0.04295,335,317.229,0.104935,101,317.229,1
158,3,42,88,743,116,694,6,113,0.04305,357,290.6,0.173393,200,290.6,1
158,4,42,97,723,116,685,6,97,0.03723,333,266.871,0.094024,67,266.871,1
158,5,42,109,703,109,693,6,76,0.036718,319,247.7,1.19932,1747,247.7,1
158,6,42,110,683,116,673,6,112,0.116831,230,222.314,0.130834,108,222.314,1
158,7,42,116,663,116,614,6,113,0.126735,734,204.8,0.814353,1237,204.8,1
158,8,42,116,643,119,620,6,77,0.081462,414,184.8,0.161319,161,184.8,1
159,0,42,501,1136,-1,-1,0,0,0.266575,528,567.186,15.6982,42238,567.186,1
159,1,42,481,1116,451,1086,6,113,0.168644,516,538.9,0.100256,62,538.9,1
159,2,42,461,1096,446,1072,6,113,0.06961,504,510.614,0.163514,140,510.614,1
159,3,42,453,1076,422,1039,6,113,0.054872,479,487.3,0.189352,132,487.3,1
159,4,42,439,1056,417,1025,6,113,0.062326,464,461.5,0.146923,140,461.5,1
159,5,42,428,1036,422,1021,6,73,0.058469,472,437.771,0.606868,569,437.771,1
159,6,42,426,1016,411,1001,6,113,0.060252,416,416.114,0.119712,62,416.114,1
159,7,42,415,996,404,985,6,113,0.048941,396,391.557,0.110666,53,391.557,1
159,8,42,404,976,404,961,6,113,0.148937,494,372.8,1.12933,2380,372.8,1
160,0,42,552,1097,-1,-1,0,0,28.938,154558,1412.97,152.089,332902,1412.97,1
160,1,42,572,1077,585,1064,6,71,29.9725,154487,1384.69,0.255585,53,1384.69,1
160,2,42,592,1066,631,1064,6,74,31.6576,154413,1364.27,1.20468,637,1364.27,1
160,3,42,612,1066,649,1064,6,74,30.0711,153776,1344.27,0.567094,242,1344.27,1
160,4,42,632,1071,648,1071,6,79,31.4681,153277,1328,0.46272,342,1328,1
160,5,42,652,1076,676,1058,6,52,20.2805,116979,1824.27,71.3176,144783,1824.27,1
160,6,42,632,1071,613,1071,6,113,19.4588,116866,1806.34,0.791701,837,1806.34,1
160,7,42,612,1064,567,1064,6,74,18.2787,116792,1783.44,0.340322,251,1783.44,1
160,8,42,592,1066,543,1064,6,68,1.64208,15887,-1,38.218,102685,-1,1
161,0,42,138,298,-1,-1,0,0,3.27913,19758,681.614,24.4718,58742,681.614,1
161,1,42,158,318,202,362,6,113,2.90961,15593,653.329,0.18303,62,653.329,1
161,2,42,178,338,219,388,6,99,1.67236,11596,625.043,0.150199,126,625.043,1
161,3,42,195,358,224,406,6,63,1.32572,8210,598,0.302512,128,598,1
161,4,42,209,378,217,403,6,85,0.879134,5507,572.2,0.137496,138,572.2,1
161,5,42,210,398,224,436,6,63,0.572494,4447,551.786,0.229917,213,551.786,1
161,6,42,217,418,217,428,6,107,0.570139,3398,534.686,2.58242,3054,534.686,1
161,7,42,218,438,224,468,6,63,0.238813,2119,509.3,0.251988,289,509.3,1
161,8,42,218,458,224,478,6,57,0.147624,1557,489.3,0.091921,106,489.3,1
162,0,42,23,132,-1,-1,0,0,72.5149,396028,1487.23,83.4625,210740,1487.23,1
162,1,42,25,152,25,189,6,94,82.7782,398335,1809.71,111.037,246193,1809.71,1
162,2,42,22,132,22,98,6,65,0.065902,371,-1,45.1469,133175,-1,1
163,0,42,169,1098,-1,-1,0,0,2.45746,14823,577.571,10.1186,27666,577.571,1
163,1,42,189,1078,203,1064,6,113,2.16473,12230,549.286,0.122638,62,549.286,1
163,2,42,209,1067,233,1043,6,113,1.35133,9095,524.729,0.106738,62,524.729,1
163,3,42,229,1050,265,1020,6,113,1.16547,7228,501.2,1.51171,2373,501.2,1
163,4,42,249,1036,265,1027,6,79,0.799947,4962,477.157,0.428116,918,477.157,1
163,5,42,260,1016,310,968,6,83,0.64003,3662,452.6,0.171929,67,452.6,1
163,6,42,280,996,314,973,6,73,0.565601,2536,429,1.64516,1132,429,1
163,7,42,300,980,311,980,6,85,0.31759,1346,410.514,2.63144,4589,410.514,1
163,8,42,320,980,343,957,6,113,0.180997,315,384.714,0.27472,62,384.714,1
164,0,42,688,759,-1,-1,0,0,0.389123,1917,565.4,10.056,24371,565.4,1
164,1,42,668,779,631,806,6,113,0.346063,1863,537.114,0.170737,123,537.114,1
164,2,42,648,799,621,806,6,104,0.293105,1796,508.829,0.10754,74,508.829,1
164,3,42,628,799,585,806,6,113,0.197387,1319,488.829,0.284008,256,488.829,1
164,4,42,608,799,562,806,6,113,0.2211,921,468.829,0.181767,166,468.829,1
164,5,42,588,799,547,806,6,64,0.112229,538,448.829,0.168533,114,448.829,1
164,6,42,568,799,523,821,6,103,0.138728,529,430,1.83474,1361,430,1
164,7,42,548,799,506,829,6,103,0.152703,892,415.271,1.66216,3230,415.271,1
164,8,42,528,814,505,823,6,69,0.18281,579,393.157,1.08073,2034,393.157,1
165,0,42,341,1014,-1,-1,0,0,0.510328,1581,770.329,28.5083,80470,770.329,1
165,1,42,321,994,321,962,6,63,0.422205,2224,747.843,4.57833,9060,747.843,1
165,2,42,321,974,321,938,6,63,0.253221,1180,727.843,0.212034,321,727.843,1
165,3,42,328,954,328,944,6,99,0.081732,700,710.743,0.504498,302,710.743,1
165,4,42,327,934,321,911,6,59,0.555723,2652,696.957,3.16032,8065,696.957,1
165,5,42,327,914,328,891,6,106,0.266866,2178,676.957,0.140932,87,676.957,1
165,6,42,334,894,341,859,6,105,0.272637,1881,659.029,1.17527,2181,659.029,1
165,7,42,335,874,342,849,6,105,0.176368,1490,639.443,0.504778,571,639.443,1
165,8,42,348,854,341,819,6,113,0.244624,1287,614.057,0.234296,273,614.057,1
166,0,42,473,196,-1,-1,0,0,4.39533,28510,730.271,30.0623,81011,730.271,1
166,1,42,472,216,472,251,6,72,3.86989,26133,734.129,8.83247,18256,734.129,1
166,2,42,492,216,510,240,6,24,0.73239,6874,-1,236.542,481325,-1,1
167,0,42,676,1111,-1,-1,0,0,2.81322,16740,469.786,25.5672,62708,469.786,1
167,1,42,676,1091,676,1062,6,83,4.82264,30393,1234.29,94.7904,250465,1234.29,1
167,2,42,656,1071,609,1064,6,74,4.43691,30319,1206,0.244204,333,1206,1
167,3,42,636,1071,625,1071,6,113,4.42634,30206,1191.8,1.2541,1279,1191.8,1
167,4,42,616,1066,573,1064,6,74,4.14413,30132,1168.07,0.450908,494,1168.07,1
167,5,42,596,1071,573,1071,6,79,3.80748,30053,1151.8,0.523092,421,1151.8,1
167,6,42,576,1077,562,1069,6,111,3.80107,29935,1129.31,0.153856,134,1129.31,1
167,7,42,556,1072,531,1064,6,39,1.39929,15940,-1,106.792,263925,-1,1
168,0,42,116,465,-1,-1,0,0,0.237672,297,383.829,7.13887,16264,383.829,1
168,1,42,136,485,156,505,6,113,0.152203,285,355.543,0.119291,62,355.543,1
168,2,42,156,498,187,527,6,113,0.083035,265,330.157,0.183771,85,330.157,1
168,3,42,176,516,205,536,6,113,0.124321,253,302.7,0.175276,154,302.7,1
168,4,42,196,527,230,552,6,113,0.111727,233,278.143,0.16669,154,278.143,1
168,5,42,216,538,242,555,6,113,0.04307,213,253.586,0.144989,127,253.586,1
168,6,42,236,548,277,581,6,113,0.055483,191,229.443,0.155479,154,229.443,1
168,7,42,256,560,288,583,6,111,0.042519,173,204.471,0.118451,120,204.471,1
168,8,42,276,574,319,605,6,113,0.034905,153,178.671,0.142835,154,178.671,1
169,0,42,560,1116,-1,-1,0,0,26.9153,130755,1321.67,159.284,318871,1321.67,1
169,1,42,580,1096,607,1069,6,113,24.6824,130497,1293.39,0.278267,62,1293.39,1
169,2,42,600,1076,610,1075,6,77,24.4349,130297,1270.07,1.22941,1416,1270.07,1
169,3,42,620,1074,666,1064,6,72,25.5489,130037,1244.86,0.614241,685,1244.86,1
169,4,42,640,1071,675,1063,6,73,24.9445,129686,1233.27,1.03745,587,1233.27,1
169,5,42,660,1071,672,1070,6,70,24.4141,129438,1220.59,0.474401,190,1220.59,1
169,6,42,678,1071,676,1025,6,24,18.1077,99640,1765.66,74.3094,163577,1765.66,1
169,7,42,660,1077,611,1081,6,69,18.4217,99571,1748.97,1.21187,1491,1748.97,1
169,8,42,640,1077,621,1080,6,105,19.709,99466,1728.97,0.103953,77,1728.97,1
170,0,42,154,1091,-1,-1,0,0,10.748,50018,1137.39,85.8335,202504,1137.39,1
170,1,42,174,1071,190,1055,6,113,7.73945,44660,1109.1,0.271535,62,1109.1,1
170,2,42,194,1060,223,1031,6,113,7.12054,37548,1084.54,0.125783,62,1084.54,1
170,3,42,214,1040,249,1014,6,113,4.47647,29392,1056.26,0.336085,154,1056.26,1
170,4,42,234,1029,254,1018,6,73,3.72983,22784,1031.7,0.249414,116,1031.7,1
170,5,42,254,1025,285,996,6,113,2.855,17590,1011.21,1.19958,744,1011.21,1
170,6,42,274,1007,293,995,6,89,1.97854,11760,987.857,0.526077,610,987.857,1
170,7,42,285,987,321,966,6,80,1.09767,8295,973.786,1.21721,1584,973.786,1
170,8,42,305,973,327,969,6,77,0.759211,4825,960.714,1.36366,2873,960.714,1
171,0,42,417,629,-1,-1,0,0,6.23933,29266,643.543,18.1162,45235,643.543,1
171,1,42,433,609,433,578,6,113,4.42961,24844,622.714,1.59177,2758,622.714,1
171,2,42,440,589,440,572,6,99,3.96046,21055,605.614,0.858105,1835,605.614,1
171,3,42,447,569,447,554,6,113,2.849,16339,582.714,0.240356,61,582.714,1
171,4,42,440,549,433,512,6,63,1.96768,12892,565.614,0.883291,952,565.614,1
171,5,42,440,529,452,501,6,25,6.76481,39537,644.414,12.2258,26222,644.414,1
171,6,42,420,509,407,494,6,109,5.68639,33951,619.057,0.638256,755,619.057,1
171,7,42,401,496,378,454,6,113,4.40599,29558,599.357,1.01775,1472,599.357,1
171,8,42,400,476,378,445,6,47,4.01319,27368,601.143,1.15571,1707,601.143,1
172,0,42,144,828,-1,-1,0,0,0.189462,530,529.414,2.45723,1058,529.414,1
172,1,42,145,808,145,761,6,113,0.285711,1020,514.8,2.21883,6667,514.8,1
172,2,42,145,788,145,739,6,113,0.190394,846,494.8,0.418989,503,494.8,1
172,3,42,143,768,138,741,6,81,0.100066,775,477.971,1.38867,2875,477.971,1
172,4,42,152,752,145,723,6,111,0.228464,703,462.871,1.46727,2966,462.871,1
172,5,42,147,732,139,721,6,72,0.062065,549,448.114,1.65124,4404,448.114,1
172,6,42,133,718,145,675,6,113,0.126525,630,423.971,0.272096,270,423.971,1
172,7,42,138,698,145,655,6,113,0.087012,577,401.9,0.270432,144,401.9,1
172,8,42,138,678,145,646,6,97,0.068667,464,381.9,0.135673,67,381.9,1
173,0,42,412,739,-1,-1,0,0,3.13451,21908,558.357,15.2752,45636,558.357,1
173,1,42,392,759,382,769,6,113,2.62911,17379,530.071,0.156841,62,530.071,1
173,2,42,381,779,347,813,6,113,2.21515,13912,505.514,0.185735,62,505.514,1
173,3,42,361,799,342,835,6,111,1.23211,9902,477.229,0.207045,153,477.229,1
173,4,42,350,819,341,862,6,95,0.892268,7166,452.671,0.134229,185,452.671,1
173,5,42,348,839,342,870,6,81,0.798213,5759,432.671,0.565941,479,432.671,1
173,6,42,348,859,324,905,6,86,0.556304,4423,412.671,0.227573,349,412.671,1
173,7,42,342,879,325,913,6,81,0.31212,2868,389.357,0.103783,112,389.357,1
173,8,42,332,899,329,918,6,73,0.264021,1944,368.529,0.773257,974,368.529,1
174,0,42,622,247,-1,-1,0,0,6.91617,39491,638.286,18.8568,52737,638.286,1
174,1,42,622,267,624,284,6,74,5.89254,37242,624.086,1.51224,2847,624.086,1
174,2,42,630,287,604,313,6,113,5.81789,34685,600.529,0.276023,461,600.529,1
174,3,42,611,307,595,331,6,113,4.55299,29501,577.343,0.736218,480,577.343,1
174,4,42,599,324,555,362,6,113,3.69933,25228,554.2,0.355802,678,554.2,1
174,5,42,579,338,542,384,6,44,5.14255,36938,633,16.3657,39702,633,1
174,6,42,559,355,513,370,6,79,4.04647,31803,613.414,1.82244,3326,613.414,1
174,7,42,539,368,498,368,6,113,3.031,26673,588.029,0.262367,251,588.029,1
174,8,42,519,367,495,362,6,77,3.41338,23290,570.929,0.568737,602,570.929,1
175,0,42,436,276,-1,-1,0,0,3.62501,21914,846.186,51.8042,132156,846.186,1
175,1,42,456,291,472,299,6,74,2.95477,20295,827.529,0.974541,1205,827.529,1
175,2,42,476,294,472,315,6,74,2.39065,15668,806.286,0.184052,202,806.286,1
175,3,42,479,314,471,354,6,63,1.89685,12402,785.043,0.272346,263,785.043,1
175,4,42,478,334,462,377,6,112,1.98607,11083,764.629,0.101879,78,764.629,1
175,5,42,478,354,441,385,6,113,1.40207,9426,744.629,0.347286,225,744.629,1
175,6,42,465,370,438,379,6,77,1.05411,7872,720.9,0.146111,169,720.9,1
175,7,42,445,372,408,400,6,113,1.14242,6646,700.071,0.286142,171,700.071,1
175,8,42,425,383,388,406,6,63,0.772746,5483,675.514,0.126445,138,675.514,1
176,0,42,634,111,-1,-1,0,0,20.1675,96440,880.9,27.1185,74769,880.9,1
176,1,42,628,131,627,147,6,58,18.1433,94687,863.386,2.28272,3736,863.386,1
176,2,42,632,151,624,179,6,88,18.0361,92089,840.071,0.200833,139,840.071,1
176,3,42,631,171,624,198,6,113,17.4192,89264,819.657,0.28018,137,819.657,1
176,4,42,631,191,624,225,6,113,14.9294,86423,799.657,0.22077,193,799.657,1
176,5,42,631,211,630,227,6,72,14.5638,83923,784.629,1.02374,612,784.629,1
176,6,42,635,231,624,247,6,113,13.5189,80877,761.314,0.131926,88,761.314,1
176,7,42,629,251,624,270,6,113,13.2275,77708,740.486,0.351934,236,740.486,1
176,8,42,630,271,603,311,6,113,12.2809,74917,719.243,0.201885,154,719.243,1
177,0,42,139,27,-1,-1,0,0,0.413138,1649,765.5,21.3188,54592,765.5,1
177,1,42,159,47,178,66,6,113,0.540555,1637,737.214,0.184543,62,737.214,1
177,2,42,172,67,204,101,6,113,0.194121,1617,711.829,0.149819,85,711.829,1
177,3,42,190,87,199,105,6,73,0.165718,1644,684.371,0.179203,119,684.371,1
177,4,42,193,107,224,139,6,63,0.164947,1577,663.129,0.122147,60,663.129,1
177,5,42,212,127,224,163,6,63,0.179203,1657,635.257,0.189252,172,635.257,1
177,6,42,217,147,218,166,6,77,0.289348,1691,618.157,1.70465,2281,618.157,1
177,7,42,212,167,224,187,6,49,0.246077,1589,595.257,0.142846,113,595.257,1
177,8,42,214,187,224,213,6,33,0.238774,1832,580.229,0.751246,1302,580.229,1
178,0,42,495,694,-1,-1,0,0,15.1225,58323,708.4,14.7657,39035,708.4,1
178,1,42,475,674,441,640,6,113,12.5021,53403,680.114,0.236159,62,680.114,1
178,2,42,455,654,417,625,6,113,9.58839,47275,651.829,0.256817,154,651.829,1
178,3,42,435,643,398,615,6,113,7.56825,41102,627.271,0.247049,155,627.271,1
178,4,42,415,631,389,615,6,97,6.85788,35653,602.3,0.118571,108,602.3,1
178,5,42,395,622,367,602,6,113,5.59639,30392,578.571,0.226471,154,578.571,1
178,6,42,375,610,348,592,6,113,4.86049,25973,553.6,0.158915,155,553.6,1
178,7,42,355,599,327,580,6,113,4.18377,18430,529.043,0.678511,154,529.043,1
178,8,42,335,588,296,558,6,113,1.57048,9464,504.486,0.153005,154,504.486,1
179,0,42,568,808,-1,-1,0,0,15.0327,74597,891.186,33.6432,87539,891.186,1
179,1,42,568,788,559,754,6,113,14.0035,70177,871.186,0.292083,131,871.186,1
179,2,42,564,768,543,729,6,63,15.9221,65677,849.529,0.278828,78,849.529,1
179,3,42,552,748,536,725,6,89,14.9526,60433,825.729,0.95748,599,825.729,1
179,4,42,532,730,529,697,6,113,10.8497,53165,798.271,0.19326,108,798.271,1
179,5,42,529,710,522,663,6,113,9.01094,45454,777.029,0.290159,154,777.029,1
179,6,42,522,690,519,669,6,77,7.5409,38377,754.129,0.141403,81,754.129,1
179,7,42,513,670,512,629,6,113,6.13629,33668,730.4,1.2003,75,730.4,1
179,8,42,512,650,511,637,6,89,5.9766,30113,709.986,0.197026,59,709.986,1
180,0,42,207,100,-1,-1,0,0,0.440939,945,1067.46,42.4504,102206,1067.46,1
180,1,42,224,120,224,154,6,63,0.461147,1100,1046.21,4.08837,7692,1046.21,1
180,2,42,224,140,218,157,6,77,0.362935,1027,1031.19,5.9739,9487,1031.19,1
180,3,42,212,160,224,186,6,50,0.147404,1048,1005.39,0.246889,178,1005.39,1
180,4,42,214,180,224,203,6,63,0.182179,908,984.557,0.125373,120,984.557,1
180,5,42,217,200,224,225,6,61,0.12924,1006,971.6,1.2952,944,971.6,1
180,6,42,207,220,224,239,6,63,0.201124,839,947.457,0.113391,67,947.457,1
180,7,42,218,240,224,264,6,41,0.245245,986,932.014,0.731249,295,932.014,1
180,8,42,208,260,224,284,6,63,0.352275,809,907.871,0.163484,149,907.871,1
181,0,42,346,606,-1,-1,0,0,5.8451,30983,716.857,21.5617,48243,716.857,1
181,1,42,366,586,403,549,6,113,4.91843,25782,688.571,0.246718,62,688.571,1
181,2,42,386,566,419,524,6,113,3.71922,20316,661.457,0.965504,1695,661.457,1
181,3,42,397,546,409,534,6,113,2.57112,14999,636.9,0.287714,63,636.9,1
181,4,42,408,526,427,507,6,113,6.10501,39018,693.886,12.2805,27106,693.886,1
181,5,42,408,506,394,470,6,113,4.96631,34013,673.886,0.214018,176,673.886,1
181,6,42,401,486,378,454,6,113,4.89486,29478,656.257,0.740196,862,656.257,1
181,7,42,399,466,378,445,6,47,5.24929,29408,676.6,3.56487,7530,676.6,1
181,8,42,384,476,355,466,6,19,48.8711,337104,1543.49,13.2897,37660,1543.49,1
182,0,42,69,1118,-1,-1,0,0,0.446239,2221,557.671,13.7576,31125,557.671,1
182,1,42,89,1098,129,1058,6,113,0.418397,1993,529.386,0.117217,62,529.386,1
182,2,42,109,1078,127,1065,6,81,0.184052,1874,501.1,0.095708,92,501.1,1
182,3,42,129,1071,145,1056,6,113,0.153606,1617,478.2,0.104905,74,478.2,1
182,4,42,149,1061,180,1030,6,113,0.126465,1381,454.057,0.098022,62,454.057,1
182,5,42,169,1041,195,1024,6,113,0.131444,1153,425.771,0.136293,145,425.771,1
182,6,42,189,1031,202,1026,6,81,0.175747,923,403.286,0.789698,879,403.286,1
182,7,42,209,1028,236,1001,6,113,0.206253,670,380.386,0.185135,62,380.386,1
182,8,42,229,1008,257,989,6,113,0.108492,484,352.1,0.209169,154,352.1,1
183,0,42,372,1082,-1,-1,0,0,0.624972,4082,731.586,29.7359,72062,731.586,1
183,1,42,352,1062,321,1013,6,113,0.581972,4084,703.3,0.326476,179,703.3,1
183,2,42,332,1042,328,1026,6,113,1.03917,4505,677.5,3.00744,4034,677.5,1
183,3,42,333,1022,327,1012,6,69,0.267017,1641,656.257,0.230328,112,656.257,1
183,4,42,326,1002,321,952,6,63,0.281573,1991,634.186,0.354689,558,634.186,1
183,5,42,326,982,321,942,6,57,0.205853,943,614.186,0.171218,115,614.186,1
183,6,42,326,962,321,914,6,62,0.685985,3040,605.786,5.57058,11489,605.786,1
183,7,42,328,942,328,901,6,106,0.432764,2578,584.957,0.189563,73,584.957,1
183,8,42,328,922,335,890,6,113,0.371591,2134,564.957,0.189191,132,564.957,1
184,0,42,191,983,-1,-1,0,0,1.57038,10204,580.557,25.9004,56620,580.557,1
184,1,42,211,968,224,968,6,113,0.972067,7413,560.143,1.96286,3468,560.143,1
184,2,42,231,961,266,961,6,113,0.897227,5065,537.243,0.104555,61,537.243,1
184,3,42,251,961,271,968,6,93,0.627727,3955,523.043,1.78456,2768,523.043,1
184,4,42,271,954,284,954,6,113,0.329592,2125,500.143,0.104354,61,500.143,1
184,5,42,291,961,333,955,6,113,0.216132,1337,477.243,0.226211,173,477.243,1
184,6,42,311,968,342,937,6,113,0.177831,459,454.343,0.237131,219,454.343,1
184,7,42,326,957,358,912,6,113,0.102821,367,431.857,0.213206,154,431.857,1
184,8,42,335,937,348,922,6,113,0.089636,338,408.129,0.259502,83,408.129,1
185,0,42,124,827,-1,-1,0,0,0.619,2825,816.071,16.894,42917,816.071,1
185,1,42,104,807,90,793,6,113,0.507994,2453,787.786,0.123509,56,787.786,1
185,2,42,93,787,89,765,6,113,0.606277,2669,765.714,1.80188,2335,765.714,1
185,3,42,95,767,89,748,6,113,0.191977,1195,744.886,0.450006,169,744.886,1
185,4,42,95,747,89,727,6,113,0.182299,1116,724.886,0.276885,197,724.886,1
185,5,42,96,727,85,703,6,85,0.140361,987,704.471,0.24225,134,704.471,1
185,6,42,92,707,85,683,6,95,0.158635,930,682.814,0.193259,144,682.814,1
185,7,42,92,687,85,662,6,96,0.153926,857,662.814,0.186536,151,662.814,1
185,8,42,92,667,86,654,6,81,0.251387,723,643.643,0.313873,105,643.643,1
186,0,42,271,1094,-1,-1,0,0,9.26601,47004,571.671,26.5998,63178,571.671,1
186,1,42,271,1074,271,1044,6,113,8.6662,42719,551.671,0.254954,61,551.671,1
186,2,42,271,1054,278,1032,6,113,7.51379,38172,531.671,0.236009,136,531.671,1
186,3,42,284,1034,297,991,6,113,6.06845,31377,506.286,0.254182,167,506.286,1
186,4,42,285,1014,304,988,6,85,4.61887,27227,487.043,0.87196,554,487.043,1
186,5,42,305,994,313,975,6,113,3.63158,20567,458.757,0.201124,137,458.757,1
186,6,42,319,976,321,948,6,63,3.39544,16894,439.586,0.829301,1156,439.586,1
186,7,42,322,956,321,908,6,56,3.36492,16077,429.943,2.06942,4375,429.943,1
186,8,42,328,936,328,902,6,95,2.32996,12235,407.457,0.176147,72,407.457,1
187,0,42,306,243,-1,-1,0,0,1.55679,7115,889.071,22.7188,59430,889.071,1
187,1,42,311,263,311,289,6,95,3.18912,20900,1087.19,112.188,228775,1087.19,1
187,2,42,331,277,345,291,6,63,3.4089,20322,1061.39,0.084136,53,1061.39,1
187,3,42,351,288,383,291,6,63,3.22521,19922,1040.97,1.60126,797,1040.97,1
187,4,42,371,287,414,291,6,63,3.27381,19531,1019.73,0.261767,349,1019.73,1
187,5,42,391,284,426,291,6,62,3.08602,19231,998.486,0.19365,88,998.486,1
187,6,42,411,284,436,290,6,62,3.40086,18915,979.314,0.133047,164,979.314,1
187,7,42,431,284,468,291,6,70,4.01608,23546,1057.93,9.98172,18097,1057.93,1
187,8,42,451,275,496,254,6,25,3.89238,24387,1106.34,8.35492,16836,1106.34,1
188,0,42,166,355,-1,-1,0,0,20.0853,143475,964.571,47.1877,118487,964.571,1
188,1,42,186,375,209,398,6,113,20.8351,138763,936.286,0.161951,62,936.286,1
188,2,42,202,395,223,421,6,74,15.8801,128936,909.657,0.107209,96,909.657,1
188,3,42,216,415,218,425,6,73,14.5136,116549,888,0.580138,815,888,1
188,4,42,219,435,224,452,6,63,16.506,104649,864.271,0.147955,201,864.271,1
188,5,42,218,455,224,471,6,63,13.6361,94445,843.857,0.203519,166,843.857,1
188,6,42,219,475,224,513,6,42,11.0296,84623,825.686,0.339651,500,825.686,1
188,7,42,219,495,216,514,6,80,11.2096,78360,816.757,0.853276,842,816.757,1
188,8,42,210,515,232,522,6,63,9.31361,71700,798,0.328271,348,798,1
189,0,42,245,1077,-1,-1,0,0,0.179824,510,604.286,17.5648,45319,604.286,1
189,1,42,265,1057,280,1042,6,113,0.15621,498,576,0.086831,62,576,1
189,2,42,276,1037,310,1003,6,113,0.077133,478,551.443,0.116216,62,551.443,1
189,3,42,296,1017,333,971,6,113,0.070992,466,523.157,0.170036,154,523.157,1
189,4,42,307,997,339,956,6,113,0.070942,446,498.6,0.13976,145,498.6,1
189,5,42,326,977,353,933,6,113,0.063629,432,470.729,0.154948,154,470.729,1
189,6,42,332,957,346,940,6,103,0.041467,398,448.243,0.089476,74,448.243,1
189,7,42,340,937,363,914,6,113,0.051796,378,424.929,0.10221,62,424.929,1
189,8,42,356,917,381,887,6,113,0.048189,360,398.3,0.136173,118,398.3,1
190,0,42,646,170,-1,-1,0,0,15.7019,115502,1196.06,56.4647,150464,1196.06,1
190,1,42,626,190,624,219,6,113,16.5643,115380,1171.91,1.84452,3411,1171.91,1
190,2,42,626,210,630,221,6,72,15.49,115310,1154.74,0.658404,1261,1154.74,1
190,3,42,617,228,617,258,6,63,14.5352,115241,1131.84,0.176227,61,1131.84,1
190,4,42,617,248,624,263,6,93,16.0825,115152,1118.23,1.04392,1992,1118.23,1
190,5,42,629,267,623,286,6,58,15.8265,115094,1092.84,0.258179,178,1092.84,1
190,6,42,629,287,582,336,6,113,15.7148,114983,1073.19,0.54914,1095,1073.19,1
190,7,42,611,307,598,320,6,113,16.3738,114860,1045.73,0.243051,62,1045.73,1
190,8,42,600,327,568,357,6,113,16.2546,114516,1025.27,0.888371,659,1025.27,1
191,0,42,608,1128,-1,-1,0,0,9.78048,55236,1057.1,164.345,293800,1057.1,1
191,1,42,628,1108,662,1074,6,113,10.3043,55154,1032.91,1.61844,1128,1032.91,1
191,2,42,648,1088,668,1075,6,69,10.1186,55096,1005.8,0.335103,356,1005.8,1
191,3,42,659,1068,676,1031,6,24,2.56003,19935,1574.59,85.8475,199398,1574.59,1
191,4,42,639,1064,609,1064,6,74,4.01076,19861,1558.73,0.765783,947,1558.73,1
191,5,42,619,1064,574,1064,6,74,2.92722,19787,1538.73,0.399332,523,1538.73,1
191,6,42,599,1071,571,1070,6,77,2.51215,19710,1520.8,0.562175,600,1520.8,1
191,7,42,579,1071,558,1066,6,96,2.33699,19614,1500.8,0.386248,192,1500.8,1
191,8,42,559,1073,545,1064,6,69,1.43981,15944,-1,27.5988,80246,-1,1
192,0,42,472,759,-1,-1,0,0,12.7892,51657,681.114,13.689,28552,681.114,1
192,1,42,452,739,427,714,6,113,12.1048,45658,652.829,0.202316,62,652.829,1
192,2,42,434,719,429,707,6,81,8.72665,40665,627.029,1.32212,1978,627.029,1
192,3,42,430,699,397,666,6,113,6.61001,36145,603.714,0.279639,62,603.714,1
192,4,42,410,679,379,637,6,113,6.29975,31455,575.429,0.152553,130,575.429,1
192,5,42,399,659,386,642,6,93,5.11191,27257,550.871,0.206023,80,550.871,1
192,6,42,392,639,379,611,6,113,4.44201,23305,527.971,0.222774,158,527.971,1
192,7,42,386,619,379,601,6,104,3.97428,20131,505.486,0.239596,74,505.486,1
192,8,42,385,599,379,587,6,113,3.54219,17380,485.9,0.556595,154,485.9,1
193,0,42,379,1162,-1,-1,0,0,0.302863,352,394.914,12.5676,26322,394.914,1
193,1,42,399,1142,421,1120,6,113,0.196816,340,366.629,0.12935,62,366.629,1
193,2,42,414,1122,460,1072,6,113,0.042258,321,340.414,0.147715,107,340.414,1
193,3,42,430,1102,453,1075,6,85,0.034675,315,313.786,0.106938,84,313.786,1
193,4,42,446,1082,456,1063,6,103,0.034444,288,287.157,0.139699,117,287.157,1
193,5,42,450,1062,464,1046,6,113,0.029214,260,265.5,0.119402,85,265.5,1
193,6,42,459,1042,474,1027,6,113,0.02695,240,241.771,0.121526,62,241.771,1
193,7,42,470,1022,483,1009,6,113,0.025107,220,217.214,0.097852,61,217.214,1
193,8,42,481,1002,485,988,6,113,0.052698,259,195.143,0.579166,701,195.143,1
194,0,42,613,354,-1,-1,0,0,15.7283,117680,937.171,49.95,119218,937.171,1
194,1,42,593,354,576,354,6,113,16.3025,116549,917.171,0.339871,61,917.171,1
194,2,42,573,361,542,390,6,35,14.8299,110228,917.529,4.9143,12317,917.529,1
194,3,42,553,361,515,368,6,91,15.1341,109474,910.743,2.86435,6060,910.743,1
194,4,42,537,355,528,351,6,113,13.9537,106316,889.671,0.152724,105,889.671,1
194,5,42,521,358,486,358,6,113,13.2804,97656,866.771,0.171158,61,866.771,1
194,6,42,501,358,471,368,6,84,13.2225,89848,846.771,0.136705,126,846.771,1
194,7,42,481,367,446,376,6,113,10.7275,79958,823.043,0.235638,158,823.043,1
194,8,42,461,376,411,383,6,113,10.9865,70343,799.314,0.147354,154,799.314,1
195,0,42,173,357,-1,-1,0,0,0.126225,372,386.329,6.24021,12704,386.329,1
195,1,42,153,377,136,413,6,113,0.128198,478,358.043,0.249945,186,358.043,1
195,2,42,143,397,136,428,6,113,0.065271,425,333.9,0.109444,109,333.9,1
195,3,42,143,417,136,461,6,113,0.070722,498,313.9,0.199942,235,313.9,1
195,4,42,143,437,142,464,6,77,0.159627,617,298.871,1.23961,1983,298.871,1
195,5,42,144,457,136,496,6,113,0.048911,404,278.457,0.391618,527,278.457,1
195,6,42,143,477,143,492,6,89,0.086591,457,259.7,0.376721,594,259.7,1
195,7,42,130,497,136,539,6,113,0.039564,426,234.314,0.272566,395,234.314,1
195,8,42,130,517,136,563,6,113,0.055724,401,214.314,0.216873,232,214.314,1
196,0,42,411,483,-1,-1,0,0,0.181537,484,497.086,7.16006,15744,497.086,1
196,1,42,391,503,377,520,6,113,0.149268,482,468.8,0.147434,74,468.8,1
196,2,42,383,523,377,563,6,113,0.116797,638,446.314,0.746708,747,446.314,1
196,3,42,383,543,381,568,6,73,0.075931,643,429.629,1.14415,1922,429.629,1
196,4,42,385,563,377,604,6,113,0.12946,562,408.8,0.348107,457,408.8,1
196,5,42,384,583,377,632,6,113,0.059982,603,385.9,0.334872,200,385.9,1
196,6,42,384,603,384,613,6,111,0.110505,419,371.7,0.936019,1179,371.7,1
196,7,42,384,623,377,643,6,111,0.093634,374,345.9,0.105005,81,345.9,1
196,8,42,384,643,377,670,6,113,0.061995,445,325.9,0.190895,190,325.9,1
197,0,42,104,562,-1,-1,0,0,40.2318,187785,959.886,8.13909,16601,959.886,1
197,1,42,124,542,166,522,6,113,35.4634,182110,931.6,0.320606,207,931.6,1
197,2,42,144,529,164,529,6,81,29.727,178496,912.014,0.676096,1095,912.014,1
197,3,42,164,515,197,515,6,113,29.2547,172495,886.214,0.160478,61,886.214,1
197,4,42,184,515,225,522,6,85,29.4551,171640,872.014,0.547878,959,872.014,1
197,5,42,204,522,241,522,6,64,28.998,168910,849.114,0.273238,204,849.114,1
197,6,42,224,528,239,529,6,81,33.3516,165649,832.429,0.271796,261,832.429,1
197,7,42,244,533,261,522,6,63,33.0303,156232,807.871,0.27968,95,807.871,1
197,8,42,264,528,295,522,6,63,27.5679,142029,786.629,0.200132,301,786.629,1
198,0,42,654,281,-1,-1,0,0,19.2399,85084,1050.36,74.8282,162956,1050.36,1
198,1,42,634,301,616,319,6,113,19.5285,79303,1022.07,0.202296,62,1022.07,1
198,2,42,614,313,572,354,6,113,19.7336,74689,1001.79,1.90292,1753,1001.79,1
198,3,42,594,332,582,344,6,113,16.9597,69591,973.914,0.276283,63,973.914,1
198,4,42,574,343,542,392,6,35,29.5838,115589,1054.54,22.0851,50791,1054.54,1
198,5,42,554,363,543,369,6,103,28.6278,111155,1041.13,2.72969,5818,1041.13,1
198,6,42,537,356,511,368,6,94,30.0021,107058,1018.64,0.248962,303,1018.64,1
198,7,42,521,359,496,370,6,109,26.3531,102601,994.914,0.326707,164,994.914,1
198,8,42,501,363,487,370,6,97,27.9475,98598,973.257,0.116857,106,973.257,1
199,0,42,208,640,-1,-1,0,0,0.131144,299,343.571,9.65133,20979,343.571,1
199,1,42,228,620,258,590,6,113,0.065762,287,315.286,0.083024,62,315.286,1
199,2,42,248,600,292,565,6,113,0.053339,275,287,0.168623,154,287,1
199,3,42,268,589,288,572,6,89,0.030056,257,262.443,0.078236,74,262.443,1
199,4,42,288,579,302,567,6,106,0.029084,227,238.3,0.093103,85,238.3,1
199,5,42,308,570,324,554,6,113,0.024205,207,214.571,0.109684,62,214.571,1
199,6,42,328,559,358,530,6,113,0.022251,190,190.014,0.089987,60,190.014,1
199,7,42,348,539,363,534,6,73,0.025387,210,163.386,0.337778,470,163.386,1
199,8,42,368,538,384,530,6,113,0.02186,188,141.314,0.096198,109,141.314,1
